Cnpj,RazaoSocial,ValorMaximo,Periodicidade
31880826,BANCO GUANABARA S.A.,5000,Por evento
81367880,COOPERATIVA DE CRÉDITO DE LIVRE ADMISSÃO DE ASSOCIADOS SUL CATARINENSE - SICOOB CREDISULCA SC,500,Por evento
517645,BANCO RIBEIRAO PRETO S.A.,500,Por evento
42887133,COOPERATIVA DE CREDITO DE LIVRE ADMISSÃO DA REGIÃO SUDESTE DE MINAS GERAIS LTDA. - SICOOB CREDISUCESSO,500,Por evento
86564051,COOPERATIVA DE CRÉDITO NOROESTE DE MINAS LTDA. - SICOOB NOROESTE DE MINAS,200,Por evento
5841967,COOPERATIVA DE ECONOMIA E CRÉDITO MÚTUO DOS FABRICANTES DE CALÇADOS DE SAPIRANGA LTDA.,150,Por evento
4355489,COOPERATIVA DE CRÉDITO UNICRED COOMARCA LTDA. - COOMARCA,"143,08",Por evento
75847,COOPERATIVA DE CRÉDITO UNICRED CENTRO-SUL LTDA - UNICRED CENTRO-SUL,"143,08",Por evento
73443863,COOPERATIVA DE CRÉDITO UNICRED VALE LTDA - UNICRED VALE,"143,08",Por evento
74114042,COOPERATIVA DE CRÉDITO UNICRED UNIÃO LTDA - UNICRED UNIÃO,"143,08",Por evento
74064502,COOPERATIVA DE CRÉDITO UNICRED VALOR CAPITAL LTDA - UNICRED VALOR CAPITAL,"143,08",Por evento
1039011,COOPERATIVA DE CRÉDITO UNICRED DESBRAVADORA LTDA - UNICRED DESBRAVADORA,"143,08",Por evento
25404542,COOPERATIVA DE CREDITO DE LIVRE ADMISSÃO DO VALE DO GORUTUBA LTDA - SICOOB CREDIVAG,110,Por evento
4913711,BANCO DO ESTADO DO PARÁ S.A.,100,Por evento
1705236,COOPERATIVA DE ECONOMIA E CRÉDITO MÚTUO UNICRED PROSPERAR LTDA. - UNICRED PROSPERAR,100,Por evento
94243839,COOPERATIVA DE ECONOMIA E CRÉDITO MÚTUO DO VALE DAS ANTAS LTDA. - UNICRED PIONEIRA,100,Por evento
94433109,COOPERATIVA DE ECONOMIA E CREDITO MUTUO DOS MEDICOS DE PORTO ALEGRE LTDA-UNICRED PORTO ALEGRE,100,Por evento
1634601,COOPERATIVA CENTRAL DE CRÉDITO UNICRED GERAÇÃO LTDA. - UNICRED CENTRAL GERAÇÃO,100,Por evento
2031139,SICOOB CREDIMONTES - COOPERATIVA DE CRÉDITO DE LIVRE ADMISSÃO REGIONAL DE MONTES CLAROS LTDA,100,Por evento
1635462,COOPERATIVA DE ECONOMIA E CRÉDITO MÚTUO DOS MÉDICOS DOS VALES DO TAQUARI E RIO PARDO E REGIÃO DA PRODUÇÃO LTDA. - UNICRED PREMIUM,100,Por evento
3645752,COOPERATIVA DE CRÉDITO CREDISG LTDA. - SICOOB CREDISG,100,Por evento
95163002,COOPERATIVA DE ECONOMIA E CRÉDITO MÚTUO UNICRED ELEVA LTDA.,100,Por evento
1572667,COOPERATIVA DE ECONOMIA E CRÉDITO MÚTUO UNICRED ERECHIM LTDA,100,Por evento
1374196,COOPERATIVA DE CRÉDITO DE SÃO FRANCISCO DE SALES LTDA. - SICOOB CREDISALES,100,Por evento
1796302,COOPERATIVA DE CRÉDITO UNICRED REGIÃO DOS VALES LTDA. - UNICRED REGIÃO DOS VALES,100,Por evento
1152097,COOPERATIVA DE CRÉDITO CREDIMATA LTDA. - SICOOB CREDIMATA,100,Por evento
17361536,COOPERATIVA DE CRÉDITO DA REGIÃO E COLAR METROPOLITANO DO VALE DO AÇO LTDA. - SICOOB COSMIPA,100,Por evento
1526924,COOPERATIVA DE ECONOMIA E CRÉDITO MÚTUO UNICRED HORIZONTES LTDA - UNICRED HORIZONTES,100,Por evento
73750424,COOPERATIVA DE ECONOMIA E CRÉDITO MÚTUO UNICRED INTEGRAÇÃO LTDA.,100,Por evento
2641032,COOPERATIVA DE ECONOMIA E CRÉDITO MÚTUO UNICRED PONTO CAPITAL - UNICRED PONTO CAPITAL.,100,Por evento
68512748,COOPERATIVA DE CRÉDITO CREDIESMERALDAS LTDA. - SICOOB CREDIESMERALDAS,100,Por evento
2232383,COOPERATIVA DE CRÉDITO DE LIVRE ADMISSÃO DA REGIÃO DO CIRCUITO CAMPOS DAS VERTENTES LTDA - SICOOB COPERMEC,100,Por evento
33579731,COOPERATIVA DE CRÉDITO DE LIVRE ADMISSÃO DO CENTRO-SUL GOIANO LTDA,80,Por evento
2335109,COOPERATIVA DE CRÉDITO DE LIVRE ADMISSÃO DA ZONA DA MATA LTDA   SICOOB COOPEMATA,80,Por evento
74828799,NOVO BANCO CONTINENTAL S.A. - BANCO MÚLTIPLO,75,Por evento
71154256,COOPERATIVA DE CRÉDITO SACRAMENTO LTDA - SICOOB SACRAMENTO,70,Por evento
3732359,COOPERATIVA DE CRÉDITO DE LIVRE ADMISSÃO DE PERNAMBUCO - SICOOB PERNAMBUCO,70,Por evento
41669227,COOPERATIVA DE CRÉDITO DE PRODUTORES RURAIS E DE LIVRE ADMISSÃO DO TRIÂNGULO LTDA    SICOOB CREDITRIL,70,Por evento
62109566,CREDISAN COOPERATIVA DE CRÉDITO,"65,9",Por evento
10262276,COOPERATIVA DE CRÉDITO DE LIVRE ADMISSÃO DO ESTADO DE SÃO PAULO - SICOOB PAULISTA,65,Por evento
8795285,COOPERATIVA DE CRÉDITO DE LIVRE ADMISSÃO SICOOB CREDIACIL,"61,8",Por evento
803287,COOPERATIVA DE CRÉDITO CREDIVAZ LTDA. - SICOOB CREDIVAZ,60,Por evento
25606237,COOPERATIVA DE POUPANÇA E CRÉDITO DO VALE DO RIO DOCE LTDA - SICOOB CREDIRIODOCE,60,Por evento
81607046,COOPERATIVA DE CRÉDITO DE LIVRE ADMISSÃO DE ASSOCIADOS SÃO MIGUEL DO OESTE - SICOOB SÃO MIGUEL SC/PR/RS,55,Por evento
71237184,COOPERATIVA DE CRÉDITO CREDIBELO LTDA. - SICOOB CREDIBELO,50,Por evento
2448310,COOPERATIVA DE CRÉDITO E INVESTIMENTO COM INTERAÇÃO SOLIDÁRIA PROGRESSO - CRESOL PROGRESSO,50,Por evento
4663561,COOPERATIVA DE CRÉDITO E INVESTIMENTO COM INTERAÇÃO SOLIDÁRIA VALE DAS ÁGUAS PR/MG - CRESOL VALE DAS ÁGUAS PR/MG,50,Por evento
3612764,COOPERATIVA DE CRÉDITO  DE FRONTEIRAS  LTDA. - SICOOB FRONTEIRAS,50,Por evento
5247312,COOPERATIVA DE CRÉDITO DE LIVRE ADMISSÃO BURITIS - SICOOB BURITIS,50,Por evento
8560508,COOPERATIVA DE CRÉDITO E INVESTIMENTO COM INTERAÇÃO SOLIDÁRIA TRIUNFO - CRESOL TRIUNFO,50,Por evento
26178111,COOPERATIVA DE CRÉDITO UNIÃO CENTRO OESTE LTDA. - SICOOB UNIÃO CENTRO OESTE,50,Por evento
7925729,COOPERATIVA DE CRÉDITO E INVESTIMENTO COM INTERAÇÃO SOLIDÁRIA NORTE PARANAENSE - CRESOL NORTE PARANAENSE,50,Por evento
5276770,COOPERATIVA DE CRÉDITO E INVESTIMENTO COM INTERAÇÃO SOLIDÁRIA FRONTEIRAS PR/SC/SP/ES - CRESOL FRONTEIRAS PR/SC/SP/ES,50,Por evento
8624548,COOPERATIVA DE CRÉDITO E INVESTIMENTO COM INTERAÇÃO SOLIDÁRIA DE MINAS GERAIS - CRESOL MINAS GERAIS,50,Por evento
6126780,COOPERATIVA DE CRÉDITO E INVESTIMENTO COM INTERAÇÃO SOLIDÁRIA GRANDES LAGOS PR/SP - CRESOL GRANDES LAGOS PR/SP,50,Por evento
5241619,COOPERATIVA DE CRÉDITO DE LIVRE ADMISSÃO DO MÉDIO LESTE DE MATO GROSSO - SICOOB PRIMAVERA MT,50,Por evento
10319386,COOPERATIVA DE CRÉDITO DE LIVRE ADMISSÃO DO CENTRO SUL DE MATO GROSSO DO SUL - SICOOB CENTRO SUL MS,50,Por evento
4902979,BANCO DA AMAZONIA S.A.,50,Por evento
4350225,COOPERATIVA DE CRÉDITO E INVESTIMENTO COM INTERAÇÃO SOLIDÁRIA TRADIÇÃO - CRESOL TRADIÇÃO,50,Por evento
4490531,COOPERATIVA DE CRÉDITO E INVESTIMENTO COM INTERAÇÃO SOLIDÁRIA DE GOIÁS - CRESOL GOIÁS,50,Por evento
7237373,BANCO DO NORDESTE DO BRASIL S.A.,50,Por evento
2446089,COOPERATIVA DE CRÉDITO E INVESTIMENTO COM INTERAÇÃO SOLIDÁRIA UNIÃO - CRESOL UNIÃO,50,Por evento
71154876,COOPERATIVA DE CRÉDITO DE LIVRE ADMISSÃO DO NOROESTE DE MINAS GERAIS LTDA.   SICOOB CREDIPINHO,50,Por evento
71230338,COOPERATIVA DE CRÉDITO DE LIVRE ADMISSÃO DE ARCOS LTDA. - SICOOB ARCOMCREDI,50,Por evento
3326437,COOPERATIVA DE CRÉDITO DE LIVRE ADMISSÃO DO CENTRO NORTE DOS ESTADOS DE MATO GROSSO E MATO GROSSO DO SUL - SICOOB UNIÃO MT/MS,50,Por evento
18966739,COOPERATIVA DE CRÉDITO COPERSUL LTDA - SICOOB COPERSUL,50,Por evento
63229629,COOPERATIVA DE CREDITO RURAL ASCOOB SISAL,50,Por evento
3519240,COOPERATIVA DE CRÉDITO DOS INTEGRANTES DO PODER JUDICIÁRIO E DO MINISTÉRIO PÚBLICO DO ESTADO DE MINAS GERAIS LTDA. - SICOOB JUS-MP,50,Por evento
1667352,COOPERATIVA DE CRÉDITO DE LIVRE ADMISSÃO DO SERTÃO DE MINAS GERAIS LTDA. - SICOOB SERTÃO MINAS,50,Por evento
5158093,COOPERATIVA DE CRÉDITO DE LIVRE ADMISSÃO DA REGIÃO LESTE DA BACIA DO RIO DOCE LTDA   SICOOB CREDILESTE,50,Por evento
22656789,COOPERATIVA DE CREDITO CREDISUDESTE LTDA. - SICOOB CREDISUDESTE,50,Por evento
23623636,COOPERATIVA DE CRÉDITO DE LIVRE ADMISSÃO DO NORTE DE MATO GROSSO - SICOOB NORTE MT,50,Por evento
5856736,COOPERATIVA DE ECONOMIA E CRÉDITO DE LIVRE ADMISSÃO LTDA. - SICOOB EMPRESARIAL,50,Por evento
81016131,COOPERATIVA DE CRÉDITO DE LIVRE ADMISSÃO DE ASSOCIADOS DO VALE DO VINHO - SICOOB VALE DO VINHO,50,Por evento
5277312,COOPERATIVA DE CRÉDITO E INVESTIMENTO COM INTERAÇÃO SOLIDÁRIA HORIZONTE - CRESOL HORIZONTE,50,Por evento
2934201,COOPERATIVA DE CRÉDITO E INVESTIMENTO COM INTERAÇÃO SOLIDÁRIA LIDERANÇA - CRESOL LIDERANÇA,50,Por evento
795423,BANCO SEMEAR S.A.,50,Por evento
971300,COOPERATIVA DE CREDITO E INVESTIMENTO COM INTERACAO SOLIDARIA PIONEIRA - CRESOL PIONEIRA,50,Por evento
8742188,COOPERATIVA DE CRÉDITO DE LIVRE ADMISSÃO UNIÃO E NEGÓCIOS - SICOOB INTEGRAÇÃO,50,Por evento
6139650,COOPERATIVA DE CRÉDITO E INVESTIMENTO COM INTERAÇÃO SOLIDÁRIA DO RIO GRANDE DO SUL - CRESOL RIO GRANDE DO SUL,50,Por evento
10520232,COOPERATIVA DE CRÉDITO E INVESTIMENTO COM INTERAÇÃO SOLIDÁRIA DA AMAZÔNIA - CRESOL AMAZÔNIA,50,Por evento
5231945,COOPERATIVA DE CRÉDITO E INVESTIMENTO COM INTERAÇÃO SOLIDÁRIA UNIÃO DOS VALES - CRESOL UNIÃO DOS VALES,50,Por evento
7564184,COOPERATIVA DE CRÉDITO RURAL ASCOOB SERTÕES - ASCOOB SERTÕES,50,Por evento
4833655,COOPERATIVA DE ECONOMIA E CRÉDITO MÚTUO SICOOB METALCRED,50,Por evento
53935029,COOPERATIVA DE CRÉDITO COOCRELIVRE,50,Por evento
22724710,COOPERATIVA DE CRÉDITO CREDIVERTENTES LTDA. - SICOOB CREDIVERTENTES,50,Por evento
1073966,COOPERATIVA DE CRÉDITO RURAL DE ABELARDO LUZ - SULCREDI/CREDILUZ,50,Por evento
71392047,COOPERATIVA DE CRÉDITO MONTECREDI LTDA. - SICOOB MONTECREDI,50,Por evento
59118133,BANCO LUSO BRASILEIRO S.A.,50,Por evento
7268499,COOPERATIVA DE CRÉDITO E INVESTIMENTO COM INTERAÇÃO SOLIDÁRIA INTEGRAÇÃO - CRESOL INTEGRAÇÃO,50,Por evento
3965737,COOPERATIVA DE CRÉDITO E INVESTIMENTO COM INTERAÇÃO SOLIDÁRIA VANGUARDA - CRESOL VANGUARDA,50,Por evento
71419600,COOPERATIVA DE CRÉDITO DE LIVRE ADMISSÃO DA REGIÃO DE FRUTAL LTDA.   SICOOB FRUTAL,50,Por evento
1609345,COOPERATIVA DE CRÉDITO CREDICAMPINA LTDA. - SICOOB CREDICAMPINA,50,Por evento
11969853,COOPERATIVA DE CRÉDITO E INVESTIMENTO COM INTERAÇÃO SOLIDÁRIA CONEXÃO - CRESOL CONEXÃO,50,Por evento
7512780,COOPERATIVA DE CRÉDITO E INVESTIMENTO COM INTERAÇÃO SOLIDÁRIA DO VALE EUROPEU - CRESOL VALE EUROPEU,50,Por evento
2025743,COOPERATIVA DE CRÉDITO E INVESTIMENTO COM INTERAÇÃO SOLIDÁRIA VALE DO OURO - CRESOL VALE DO OURO,50,Por evento
966246,COOPERATIVA DE CREDITO CREDICERIPA - SICOOB CREDICERIPA,50,Por evento
2641969,COOPERATIVA DE CRÉDITO DE LIVRE ADMISSÃO DE ASSOCIADOS NOVA TRENTO   SICOOB TRENTOCREDI SC,50,Por evento
86791837,COOPERATIVA DE CRÉDITO DO VALE DOS PINHAIS - SICOOB VALE DOS PINHAIS,50,Por evento
3459850,COOPERATIVA DE CRÉDITO SICOOB METROPOLITANO,50,Por evento
1736516,COOPERATIVA DE CRÉDITO DE LIVRE ADMISSÃO DA REGIÃO CENTRAL E OESTE MINEIRO LTDA. - SICOOB DIVICRED,50,Por evento
66788142,COOPERATIVA DE CREDITO CREDIMOTA   SICOOB CREDIMOTA,50,Por evento
2173447,COOPERATIVA DE CREDITO DE LIVRE ADMISSAO DO CENTRO NORDESTE MINEIRO LTDA - SICOOB CREDICENM,47,Por evento
3941182,COOPERATIVA DE CRÉDITO DE LIVRE ADMISSÃO DO CIRCUITO DAS ÁGUAS - SICOOB CIRCUITO DAS ÁGUAS,46,Por evento
17502881,COOPERATIVA DE ECONOMIA E CRÉDITO MÚTUO DOS EMPREGADOS DA CEMIG E DAS INDÚSTRIAS METALÚRGICAS E DE MATERIAL ELÉTRICO E DOS SERVIDORES PÚBLICOS MUNICIPAIS DE JUIZ DE FORA LTDA. - SICOOB CECREMEC,45,Por evento
86389236,COOPERATIVA DE CRÉDITO SICOOB UNI SUDESTE,45,Por evento
5979692,COOPERATIVA DE CRÉDITO DOS PROFISSIONAIS DOS CREAS E DEMAIS ÁREAS TECNOLÓGICAS - CREDCREA,45,Por evento
2447120,COOPERATIVA DE CRÉDITO SICOOB EXTREMO SUL LTDA.,45,Por evento
24431221,COOPERATIVA DE CRÉDITO E INVESTIMENTO COM INTERAÇÃO SOLIDÁRIA TRANSAMAZÔNICA - CRESOL TRANSAMAZÔNICA,"43,99",Por evento
66398496,COOPERATIVA DE CRÉDITO CREDIARA LTDA - SICOOB CREDIARA,42,Por evento
71441406,COOPERATIVA DE CRÉDITO DE LIVRE ADMISSÃO DE PEDRO LEOPOLDO LTDA - SICOOB CREDIPEL,42,Por evento
4013172,COOPERATIVA DE CRÉDITO SICOOB 3 COLINAS,42,Por evento
11758741,BANCO FINAXIS S.A.,40,Por evento
25683475,COOPERATIVA DE CRÉDITO DE LIVRE ADMISSÃO DO VALE DO RIO GRANDE LTDA. - SICOOB UBERABA,40,Por evento
968602,COOPERATIVA DE CREDITO DE LIVRE ADMISSÃO DO VALE DO SÃO PATRICIO LTDA.,40,Por evento
10175348,COOPERATIVA DE CRÉDITO MÚTUO DE LIVRE ADMISSÃO DA REGIÃO ADMINISTRATIVA DE SOROCABA - SICOOB COOPERASO,40,Por evento
1604998,COOPERATIVA DE CREDITO DE LIVRE ADMISSÃO DO SUL DE MINAS LTDA - SICOOB CREDIVASS,40,Por evento
53236808,COOPERATIVA DE ECONOMIA E CRÉDITO MÚTUO DE LIVRE ADMISSÃO DE ARARAQUARA E REGIÃO - SICOOB,40,Por evento
25387655,COOPERATIVA DE CRÉDITO CREDIVALE LTDA - SICOOB CREDIVALE,40,Por evento
30306294,BANCO BTG PACTUAL S.A.,40,Por evento
9579249,"COOPERATIVA DE ECONOMIA E CRÉDITO MÚTUO DOS EMPRESÁRIOS DE AMERICANA, LIMEIRA E REGIÃO - SICOOB ACICRED",40,Por evento
64480833,COOPERATIVA DE CREDITO DE LIVRE ADMISSÃO DE MARTINHO CAMPOS LTDA - SICOOB CREDIMAC,40,Por evento
33603457,BANCO RODOBENS S.A.,40,Por evento
45246410,BANCO GENIAL S.A.,40,Por evento
59285411,BANCO PAN S.A.,40,Por evento
86585049,COOPERATIVA DE CRÉDITO DA REGIÃO DO VALE DO RIO GRANDE LTDA. - SICOOB CREDILEITE,40,Por evento
73422792,COOPERATIVA DE CREDITO DE LIVRE ADMISSAO DE RUBIATABA E REGIAO LTDA,"39,9",Por evento
655522,ASSOCIACAO DE POUPANCA E EMPRESTIMO - POUPEX,39,Por evento
90400888,BANCO SANTANDER (BRASIL) S.A.,"38,85",Por evento
60746948,BANCO BRADESCO S.A.,"38,25",Por evento
1259518,COOPERATIVA DE CRÉDITO DE LIVRE ADMISSÃO SICOOB UNIMAIS CENTRO LESTE PAULISTA - SICOOB UNIMAIS CENTRO LESTE PAULISTA,"37,5",Por evento
47074323,SICOOB CREDICONSUMO - COOPERATIVA DE CRÉDITO,"37,3",Por evento
28127603,BANESTES S.A. BANCO DO ESTADO DO ESPIRITO SANTO,"35,95",Por evento
21661202,COOPERATIVA DE CRÉDITO CREDICAMPO LTDA.- SICOOB CREDICAMPO,"35,76",Por evento
2493000,"COOPERATIVA DE ECONOMIA E CRÉDITO MÚTUO NOS ESTADOS DE ALAGOAS, SERGIPE E BAHIA - SICOOB LESTE",35,Por evento
2480577,COOPERATIVA DE CRÉDITO DE LIVRE ADMISSÃO E DOS ADVOGADOS LTDA. - SICOOB CREDIJUR,35,Por evento
13009717,BANCO DO ESTADO DE SERGIPE S.A.,35,Por evento
952415,COOPERATIVA DE CRÉDITO DE LIVRE ADMISSÃO CREDFAZ LTDA. - SICOOB CREDFAZ,35,Por evento
11907520,COOPERATIVA DE CRÉDITO DE LIVRE ADMISSÃO DA PARAÍBA - SICOOB PARAÍBA,35,Por evento
1699652,COOPERATIVA DE CRÉDITO DE LIVRE ADMISSÃO DA REGIÃO DE GUAXUPÉ LTDA. - SICOOB ACICREDI,35,Por evento
208,BRB - BANCO DE BRASILIA S.A.,35,Por evento
53623781,COOPERATIVA DE CRÉDITO COOPCRED,35,Por evento
22760839,COOPERATIVA DE CRÉDITO NOSSOCRÉDITO LTDA - SICOOB NOSSOCRÉDITO,"33,15",Por evento
3102185,"COOPERATIVA DE CRÉDITO DOS SERVIDORES DA UNIÃO, EMPRESÁRIOS, PROFISSIONAIS AUTÔNOMOS E LIBERAIS - SICOOB CENTRO NORDESTE",33,Por evento
5667301,COOPERATIVA DE ECONOMIA E CRÉDITO MÚTUO - COOPERSERV,"32,4",Por evento
4388688,COOPERATIVA DE CRÉDITO SICOOB ENGECRED LTDA.,32,Por evento
1644264,COOPERATIVA DE CRÉDITO DE LIVRE ADMISSÃO DO MÉDIO PIRACICABA E DO CIRCUITO DO OURO LTDA. - SICOOB CREDIMEPI,32,Por evento
2275781,COOPERATIVA DE CRÉDITO MÚTUO DOS SERVIDORES FEDERAIS NA PARAÍBA - SICOOB COOPERCRET,"31,5",Por evento
9403026,COOPERATIVA DE CRÉDITO CENTRO LESTE NORTE MARANHENSE - SICOOB CENTROLESTE,"31,5",Por evento
26526166,COOPERATIVA DE CRÉDITO DE LIVRE ADMISSÃO SUL MARANHENSE - SICOOB SUL MARANHENSE,"31,5",Por evento
54401286,COOPERATIVA DE CRÉDITO COCRE,30,Por evento
2038232,BANCO COOPERATIVO SICOOB S.A. - BANCO SICOOB,30,Por evento
3575699,MEDCRED COOPERATIVA DE CRÉDITO,30,Por evento
42873828,COOPERATIVA DE CRÉDITO AGROCREDI LTDA. - SICOOB AGROCREDI,30,Por evento
5463934,COOPERATIVA DE CREDITO CREDLIDER - SICOOB CREDLIDER,30,Por evento
31804966,COOPERATIVA DE CRÉDITO COOPERMAIS - SICOOB COOPERMAIS,30,Por evento
698609,COOPERATIVA DE CRÉDITO DO NORTE E NOROESTE DE MINAS GERAIS LTDA. - SICOOB CREDIGERAIS,30,Por evento
694877,COOPERATIVA DE CRÉDITO DE LIVRE ADMISSÃO DO BRASIL CENTRAL LTDA. - SICOOB EXECUTIVO,30,Por evento
3620772,COOPERATIVA DE CRÉDITO MÚTUO DO CEARÁ - SICOOB CEARÁ,30,Por evento
59869560,COOPERATIVA DE CREDITO NOSSO - SICOOB NOSSO,30,Por evento
2382755,COOPERATIVA DE CREDITO POTIGUAR - SICOOB POTIGUAR,30,Por evento
10209619,COOPERATIVA DE CRÉDITO DE LIVRE ADMISSÃO DA GRANDE GOIÂNIA LTDA.,30,Por evento
64237530,COOPERATIVA DE CRÉDITO CREDIUNA LTDA - SICOOB CREDIUNA,30,Por evento
33370115,COOPERATIVA DE ECONOMIA E CRÉDITO MÚTUO DOS EMPREGADOS DE FURNAS E DAS DEMAIS EMPRESAS DO SISTEMA ELETROBRÁS LTDA. - SICOOB CECREMEF,30,Por evento
92935741,COOPERATIVA DE ECONOMIA E CRÉDITO MÚTUO DOS EMPREGADOS DO BANRISUL,30,Por evento
3358914,COOPERATIVA DE CREDITO CREDIROCHAS - SICOOB CREDIROCHAS,30,Por evento
81723108,CREDICOAMO CREDITO RURAL COOPERATIVA,30,Por evento
71146450,COOPERATIVA DE CRÉDITO DE LIVRE ADMISSÃO DE CAMPOS GERAIS E CAMPO DO MEIO LTDA - SICOOB CREDCAM,30,Por evento
71243034,COOPERATIVA DE CRÉDITO CREDIJEQUITINHONHA LTDA. - SICOOB CREDIJEQUITINHONHA,30,Por evento
26178533,COOPERATIVA DE CRÉDITO DE LIVRE ADMISSÃO DO PONTAL DO TRIANGULO LTDA - SICOOB CREDIPONTAL,30,Por evento
33042151,BANCO DE LA NACION ARGENTINA,30,Por evento
2935307,COOPERATIVA DE CRÉDITO SICOOB CREDSEGURO LTDA.,30,Por evento
42934794,COOPERATIVA DE CRÉDITO CREDIPIMENTA LTDA. - SICOOB CREDIPIMENTA,30,Por evento
41707258,COOPERATIVA DE CRÉDITO DE LIVRE ADMISSÃO DE SANTO ANTÔNIO DO MONTE LTDA.   SICOOB CREDIMONTE,30,Por evento
41931445,COOPERATIVA DE CRÉDITO CREDIFOR LTDA - SICOOB CREDIFOR,30,Por evento
8844074,COOPERATIVA DE CRÉDITO DE ITAPETININGA - SICOOB CRED-ACI,30,Por evento
1657678,COOPERATIVA DE CRÉDITO DE LIVRE ADMISSÃO DA REGIÃO DE SÃO SEBASTIÃO DO PARAÍSO LTDA. - SICOOB PARAÍSOCRED,30,Por evento
41805003,COOPERATIVA DE CRÉDITO DE LIVRE ADMISSÃO DO ALTO SÃO FRANCISCO LTDA.,30,Por evento
32467086,COOPERATIVA DE CRÉDITO SUL DO ESPÍRITO SANTO - SICOOB SUL,30,Por evento
32474884,COOPERATIVA DE CRÉDITO SUL-LITORÂNEA DO ESPÍRITO SANTO,30,Por evento
3844699,COOPERATIVA DE ECONOMIA E CREDITO MUTUO DOS TRABALHADORES PORTUARIOS DA GRANDE VITORIA - CREDESTIVA.,30,Por evento
24799033,COOPERATIVA DE CRÉDITO DE LIVRE ADMISSÃO DO VALE DO PARANAÍBA LTDA.,30,Por evento
9424988,COOPERATIVA DE CRÉDITO DE LIVRE ADMISSÃO DO OESTE MARANHENSE - SICOOB OESTE MARANHENSE,30,Por evento
1330295,COOPERATIVA DE ECONOMIA E CRÉDITO MÚTUO DOS SERVIDORES PÚBLICOS NO ESTADO DO ESPÍRITO SANTO,30,Por evento
37631058,COOPERATIVA DE CRÉDITO DE LIVRE ADMISSÃO DE PALMEIRAS E REGIÃO LTDA.,30,Por evento
6324872,COOPERATIVA DE CRÉDITO CREDINOSSO LTDA - SICOOB CREDINOSSO,30,Por evento
1286361,UNIPRIME PIONEIRA COOPERATIVA DE CRÉDITO,30,Por evento
3412878,COOPERATIVA DE CRÉDITO CREDIRAMA LTDA - SICOOB CREDIRAMA,30,Por evento
2876918,COOPERATIVA DE CRÉDITO SICOOB NORTE SUL LTDA,30,Por evento
2883398,COOPERATIVA DE CRÉDITO DO VALE DO ITAJAÍ E VALE DO ITAPOCÚ - SICOOB MULTICREDI,30,Por evento
31895683,BANCO INDUSTRIAL DO BRASIL S.A.,30,Por evento
8071414,COOPERATIVA DE ECONOMIA E CRÉDITO MÚTUO - SICOOB COOPERAC,30,Por evento
71698674,SICOOB UNIMAIS MANTIQUEIRA - COOPERATIVA DE CRÉDITO DE LIVRE ADMISSÃO,30,Por evento
2338666,COOPERATIVA DE CRÉDITO DE LIVRE ADMISSÃO CREDIEMBRAPA LTDA - SICOOB.,30,Por evento
14388334,PARANÁ BANCO S.A.,30,Por evento
33924028,COOPERATIVA DE CRÉDITO CLÁSSICA DOS EMPREGADOS DA VALE S/A E ENTIDADES VINCULADAS LTDA. - SICOOB COOPVALE,30,Por evento
815319,COOPERATIVA DE CRÉDITO SUL-SERRANA DO ESPÍRITO SANTO,30,Por evento
2318507,BANCO KEB HANA DO BRASIL S.A.,30,Por evento
54603022,COOPERATIVA DE CREDITO CECRES - SICOOB CECRES,30,Por evento
2197569,COOPERATIVA DE CRÉDITO CREDSAOPAULO - SICOOB CREDSAOPAULO,30,Por evento
32430233,COOPERATIVA DE CRÉDITO CONEXÃO - SICOOB CONEXÃO,30,Por evento
1760242,COOPERATIVA DE CRÉDITO DE LIVRE ADMISSÃO DE BELO HORIZONTE E CIDADES POLO DO ESTADO DE MINAS GERAIS LTDA. - SICOOB NOSSACOOP,30,Por evento
25353939,COOPERATIVA DE CRÉDITO CREDIALP LTDA - SICOOB CREDIALP,30,Por evento
92702067,BANCO DO ESTADO DO RIO GRANDE DO SUL S.A.,30,Por evento
7599206,COOPERATIVA DE CRÉDITO DE LIVRE ADMISSÃO DA REGIÃO METROPOLITANA DE GOIÂNIA LTDA.,30,Por evento
5222094,COOPERATIVA DE CRÉDITO DE LIVRE ADMISSÃO DE PIRACANJUBA LTDA. - SICOOB CERRADO,30,Por evento
4138455,COOPERATIVA DE CRÉDITO DO RIO GRANDE DO NORTE - SICOOB RIO GRANDE DO NORTE,30,Por evento
2931668,COOPERATIVA DE CRÉDITO DE LIVRE ADMISSÃO DO ESTADO DO RIO DE JANEIRO - SICOOB FLUMINENSE,30,Por evento
23949522,COOPERATIVA DE CRÉDITO CREDICARPA LTDA. - SICOOB CREDICARPA,30,Por evento
4181542,COOPERATIVA DE CREDITO DE LIVRE ADMISSAO DE PITANGUI E REGIAO LTDA. - SICOOB CREDPIT,30,Por evento
4406371,COOPERATIVA DE CRÉDITO DE LIVRE ADMISSÃO DO ESTADO DE GOIÁS,"29,9",Por evento
37395399,COOPERATIVA DE CRÉDITO DE LIVRE ADMISSÃO CENTRO BRASILEIRA LTDA.,"29,29",Por evento
1739375,COOPERATIVA DE CRÉDITO DE LIVRE ADMISSÃO DE  LAGOA DA PRATA E REGIÃO LTDA.   SICOOB LAGOACRED GERAIS,29,Por evento
17184037,BANCO MERCANTIL DO BRASIL S.A.,29,Por evento
360305,CAIXA ECONOMICA FEDERAL,"28,7",Por evento
83836114,COOPERATIVA DE CRÉDITO DE LIVRE ADMISSÃO DO ESTADO DO PARÁ - SICOOB COOESA,"28,5",Por evento
7026923,COOPERATIVA DE CRÉDITO DE LIVRE ADMISSÃO SICOOB ARENITO,"28,5",Por evento
7194313,COOPERATIVA DE CRÉDITO HORIZONTE - SICOOB HORIZONTE,"28,5",Por evento
5888589,COOPERATIVA DE CRÉDITO SUL - SICOOB SUL,"28,5",Por evento
4529074,COOPERATIVA DE CRÉDITO DE CASCAVEL E REGIÃO - SICOOB CREDICAPITAL,"28,5",Por evento
84156470,COOPERATIVA DE CRÉDITO DOS INTEGRANTES DO MINISTÉRIO PÚBLICO E DO PODER JUDICIÁRIO NOS ESTADOS DO AMAPÁ E CEARÁ E LIVRE ADMISSÃO NO ESTADO DO PARÁ - SICOOB COIMPPA,"28,5",Por evento
1042487,COOPERATIVA DE CRÉDITO SICOOB UNIDAS,"28,5",Por evento
5582619,COOPERATIVA DE CRÉDITO SICOOB OURO VERDE,"28,5",Por evento
5036532,CENTRAL DAS COOPERATIVAS DE CREDITO UNICOOB - SICOOB CENTRAL UNICOOB,"28,5",Por evento
7097064,COOPERATIVA DE CRÉDITO SICOOB CONFIANÇA,"28,5",Por evento
2466552,COOPERATIVA DE CRÉDITO SICOOB VALE SUL,"28,5",Por evento
5392810,COOPERATIVA DE CRÉDITO DA REGIÃO MERIDIONAL DO BRASIL - SICOOB UNICOOB MERIDIONAL,"28,5",Por evento
7122321,COOPERATIVA DE CRÉDITO INTEGRADO - SICOOB INTEGRADO,"28,5",Por evento
4876393,COOPERATIVA DE CRÉDITO DE LIVRE ADMISSÃO TRÊS FRONTEIRAS - SICOOB TRÊS FRONTEIRAS,"28,5",Por evento
6174009,COOPERATIVA DE CRÉDITO SICOOB ALIANÇA,"28,5",Por evento
7318874,COOPERATIVA DE CRÉDITO DE LIVRE ADMISSÃO MÉDIO OESTE - SICOOB MÉDIO OESTE,"28,5",Por evento
88530142,COOPERATIVA DE CRÉDITO E INVESTIMENTO LIBERDADE - SICREDI LIBERDADE,28,Por evento
73113243,"COOPERATIVA DE CRÉDITO, POUPANÇA E INVESTIMENTO DE ARARAQUARA E REGIÃO - SICREDI CENTRO NORTE SP",28,Por evento
4463602,"COOPERATIVA DE CRÉDITO, POUPANÇA E INVESTIMENTO DA REGIÃO CENTRO OESTE PAULISTA - SICREDI CENTRO OESTE PAULISTA",28,Por evento
4853988,"COOPERATIVA DE CRÉDITO, POUPANÇA E INVESTIMENTO BANDEIRANTES - SICREDI BANDEIRANTES SP",28,Por evento
87853206,"COOPERATIVA DE CRÉDITO, POUPANÇA E INVESTIMENTO OURO BRANCO - SICREDI OURO BRANCO RS/MG",28,Por evento
87733770,"COOPERATIVA DE CRÉDITO, POUPANÇA E INVESTIMENTO CONEXÃO - SICREDI CONEXÃO",28,Por evento
3566655,"COOPERATIVA DE CRÉDITO, POUPANÇA E INVESTIMENTO CELEIRO CENTRO OESTE - SICREDI CELEIRO CENTRO OESTE",28,Por evento
33667205,"COOPERATIVA CENTRAL DE CRÉDITO, POUPANÇA E INVESTIMENTO DO CENTRO NORTE DO BRASIL - CENTRAL SICREDI CENTRO NORTE",28,Por evento
6078926,"COOPERATIVA DE CRÉDITO, POUPANÇA E INVESTIMENTO DOS ESCRIVÃES, NOTÁRIOS E REGISTRADORES NO ESTADO DO PARANÁ - SICREDI CREDENOREG PR",28,Por evento
87733077,"COOPERATIVA DE CRÉDITO, POUPANÇA E INVESTIMENTO ESSÊNCIA RS/ES - SICREDI ESSÊNCIA",28,Por evento
26549311,"COOPERATIVA DE CRÉDITO, POUPANÇA E INVESTIMENTO INTEGRAÇÃO DO SUL DE MATO GROSSO, AMAPÁ E PARÁ - SICREDI INTEGRAÇÃO MT/AP/PA",28,Por evento
2843443,"COOPERATIVA DE CRÉDITO, POUPANÇA E INVESTIMENTO DO NORTE E NORDESTE DE SANTA CATARINA - SICREDI NORTE SC",28,Por evento
3428338,SICREDI CREDUNI - COOPERATIVA DE ECONOMIA E CRÉDITO MÚTUO DOS SERV DAS INST PÚBLICAS DE ENSINO SUPERIOR DO ESTADO DA PARAÍBA E DAS DEMAIS INSTITUIÇÕES E ÓRGÃOS PÚBLICOS NO ESTADO DA PARAIBA LTDA.,28,Por evento
41180092,SICREDI EXPANSÃO - COOPERATIVA DE CRÉDITO,28,Por evento
7206072,"COOPERATIVA DE CRÉDITO, POUPANÇA E INVESTIMENTO NOVOS HORIZONTES - SICREDI NOVOS HORIZONTES PR/SP",28,Por evento
81706616,"COOPERATIVA DE CRÉDITO, POUPANÇA E INVESTIMENTO VALOR SUSTENTÁVEL - SICREDI VALOR SUSTENTÁVEL PR/SP",28,Por evento
82065285,"COOPERATIVA DE CREDITO, POUPANÇA E INVESTIMENTO PARQUE DAS ARAUCARIAS - SICREDI PARQUE DAS ARAUCARIAS PR/SC/SP",28,Por evento
97489280,"COOPERATIVA DE CRÉDITO, POUPANÇA E INVESTIMENTO SICREDI INTEGRAÇÃO BAHIA - SICREDI INTEGRAÇÃO BAHIA",28,Por evento
82527557,"COOPERATIVA DE CRÉDITO, POUPANÇA E INVESTIMENTO FRONTEIRAS DO PARANÁ, SANTA CATARINA E SÃO PAULO - SICREDI FRONTEIRAS PR/SC/SP",28,Por evento
79342069,"COOPERATIVA DE CRÉDITO, POUPANÇA E INVESTIMENTO DEXIS - SICREDI DEXIS",28,Por evento
6332931,"COOPERATIVA DE CRÉDITO, POUPANÇA E INVESTIMENTO DO CERRADO DE GOIÁS - SICREDI CERRADO GO",28,Por evento
88038260,"COOPERATIVA DE CRÉDITO, POUPANÇA E INVESTIMENTO PLANALTO - SICREDI PLANALTO RS/MG",28,Por evento
3662047,"COOPERATIVA DE CRÉDITO, POUPANÇA E INVESTIMENTO DAS CARREIRAS DO MINISTÉRIO PÚBLICO, TRIBUNAL DE CONTAS E SECRETARIA DA FAZENDA DO RIO GRANDE DO SUL - SICREDI MP RS",28,Por evento
19962468,"COOPERATIVA DE CRÉDITO, POUPANÇA E INVESTIMENTO DA ADVOCACIA E SERVENTUÁRIOS DO PODER JUDICIÁRIO NO ESTADO DO RIO GRANDE DO SUL - SICREDI COOABCRED RS",28,Por evento
80230774,"COOPERATIVA CENTRAL DE CRÉDITO, POUPANÇA E INVESTIMENTO DOS ESTADOS DO PARANÁ, SÃO PAULO E RIO DE JANEIRO - CENTRAL SICREDI PR/SP/RJ",28,Por evento
4484490,COOPERATIVA DE CRÉDITO POUPANÇA E INVESTIMENTO DA ALTA NOROESTE DE SÃO PAULO - SICREDI ALTA NOROESTE SP,28,Por evento
90608712,COOPERATIVA DE CRÉDITO SICREDI SERRANA RS/ES,28,Por evento
10736214,"COOPERATIVA DE CRÉDITO, POUPANÇA E INVESTIMENTO DO PLANALTO CENTRAL - SICREDI PLANALTO CENTRAL",28,Por evento
84974278,"COOPERATIVA DE CREDITO, POUPANCA E INVESTIMENTO IGUACU - SICREDI IGUACU PR/SC/SP",28,Por evento
3212823,"COOPERATIVA DE CRÉDITO, POUPANÇA E INVESTIMENTO DOS MILITARES ESTADUAIS E SERVIDORES DA SEGURANÇA DO ESTADO DO RIO GRANDE DO SUL - SICREDI MIL RS",28,Por evento
4237413,COOPERATIVA DE CRÉDITO DO VALE DO SÃO FRANCISCO - SICREDI VALE DO SÃO FRANCISCO,28,Por evento
70119680,"COOPERATIVA CENTRAL DE CRÉDITO, POUPANÇA E INVESTIMENTO DO NORDESTE - CENTRAL SICREDI NORDESTE",28,Por evento
87780268,"COOPERATIVA DE CRÉDITO, POUPANÇA E INVESTIMENTO UNIÃO DE ESTADOS RIO GRANDE DO SUL, SANTA CATARINA E MINAS GERAIS - SICREDI UNIESTADOS",28,Por evento
95424891,"COOPERATIVA DE CRÉDITO, POUPANÇA E INVESTIMENTO DO VALE DO RIO PARDO - SICREDI VALE DO RIO PARDO RS",28,Por evento
87510475,COOPERATIVA DE CRÉDITO ROTA DAS TERRAS - SICREDI ROTA DAS TERRAS RS/MG,28,Por evento
90729369,"COOPERATIVA DE CRÉDITO, POUPANÇA E INVESTIMENTO REGIÕES DAS CULTURAS - SICREDI DAS CULTURAS RS/MG",28,Por evento
35571249,"COOPERATIVA DE CRÉDITO, POUPANÇA E INVESTIMENTO SICREDI EVOLUÇÃO - SICREDI EVOLUÇÃO",28,Por evento
81054686,"COOPERATIVA DE CRÉDITO, POUPANÇA E INVESTIMENTO INTEGRAÇÃO - SICREDI INTEGRAÇÃO PR/SC",28,Por evento
10348181,COOPERATIVA DE CRÉDITO DO VALE DO ITAJAÍ E LITORAL CATARINENSE - SICREDI VALE LITORAL SC,28,Por evento
3793242,"COOPERATIVA DE CRÉDITO, POUPANÇA E INVESTIMENTO DO SUL DO ESTADO DE SANTA CATARINA - SICREDI SUL SC",28,Por evento
87900411,"COOPERATIVA DE CRÉDITO, POUPANÇA E INVESTIMENTO DE ESPUMOSO - SICREDI ESPUMOSO RS/MG",28,Por evento
3750034,"COOPERATIVA DE CRÉDITO, POUPANÇA E INVESTIMENTO DOS JUÍZES E CARREIRAS PÚBLICAS DO DIREITO DO ESTADO DO RIO GRANDE DO SUL - SICREDI AJURIS RS",28,Por evento
32983165,"COOPERATIVA DE CRÉDITO, POUPANÇA E INVESTIMENTO VALE DO CERRADO - SICREDI VALE DO CERRADO",28,Por evento
4306351,INDEPENDÊNCIA COOPERATIVA DE CRÉDITO E INVESTIMENTO - INDEPENDÊNCIA COOPERATIVA DE CRÉDITO,28,Por evento
7070495,"COOPERATIVA DE CRÉDITO, POUPANÇA E INVESTIMENTO EMPREENDEDORES - SICREDI EMPREENDEDORES PR",28,Por evento
26408187,COOPERATIVA DE CRÉDITO POUPANÇA E INVESTIMENTO PANTANAL DO MATO GROSSO DO SUL - SICREDI PANTANAL MS,28,Por evento
26529420,"COOPERATIVA DE CRÉDITO, POUPANÇA E INVESTIMENTO OURO VERDE DO MATO GROSSO - SICREDI OURO VERDE MT",28,Por evento
26555235,"COOPERATIVA DE CRÉDITO, POUPANÇA E INVESTIMENTO SORRISO - SICREDI CELEIRO MT/RR",28,Por evento
89126130,"COOPERATIVA DE CRÉDITO, POUPANÇA E INVESTIMENTO DA REGIÃO DOS VALES - SICREDI REGIÃO DOS VALES RS",28,Por evento
92796564,"COOPERATIVA DE CRÉDITO, POUPANÇA E INVESTIMENTO SUL RIOGRANDENSE - SICREDI UNIÃO METROPOLITANA RS",28,Por evento
4886317,"COOPERATIVA DE CRÉDITO, POUPANÇA E INVESTIMENTO DOS INTEGRANTES DA MAGISTRATURA E DO MINISTÉRIO PÚBLICO NO ESTADO DO PARANÁ - SICREDI CREDJURIS",28,Por evento
32995755,"COOPERATIVA DE CRÉDITO, POUPANÇA E INVESTIMENTO DO SUDOESTE MT/PA - SICREDI SUDOESTE MT/PA",28,Por evento
33022690,"COOPERATIVA DE CRÉDITO, POUPANÇA E INVESTIMENTO DO NOROESTE DE MATO GROSSO, ACRE E AMAZONAS - SICREDI BIOMAS",28,Por evento
33021064,"COOPERATIVA DE CRÉDITO, POUPANÇA E INVESTIMENTO DO ARAGUAIA E XINGU - SICREDI ARAXINGU",28,Por evento
70431630,"COOPERATIVA DE CRÉDITO, POUPANÇA E INVESTIMENTO UNIVALES - SICREDI UNIVALES MT/RO",28,Por evento
70038237,COOPERATIVA DE CRÉDITO - SICREDI RIO GRANDE DO NORTE,28,Por evento
26191078,COOPERATIVA DE CRÉDITO DE LIVRE ADMISSÃO DA REGIÃO SUL DO MARANHÃO - SICREDI SUL DO MARANHÃO,28,Por evento
83315408,SICREDI NORTE - COOPERATIVA DE CRÉDITO,28,Por evento
72128440,"COOPERATIVA DE CREDITO, POUPANCA E INVESTIMENTO DO RIO DE JANEIRO - SICREDI RIO RJ",28,Por evento
87795639,COOPERATIVA DE CRÉDITO ALIANÇA RS/SC/ES - SICREDI ALIANÇA RS/SC/ES,28,Por evento
8143326,COOPERATIVA DE CRÉDITO DOS MÉDICOS E PROFISSIONAIS DE SAÚDE DE SÃO LUÍS - SICREDI SÃO LUÍS,28,Por evento
41255225,COOPERATIVA DE CRÉDITO SICREDI CENTRO PERNAMBUCANA,28,Por evento
78907607,"COOPERATIVA DE CRÉDITO, POUPANÇA E INVESTIMENTO CENTRO SUL - SICREDI CENTRO SUL PR/SC/RJ",28,Por evento
95213211,"COOPERATIVA DE CRÉDITO, POUPANÇA E INVESTIMENTO CAMINHO DAS ÁGUAS RS - SICREDI CAMINHO DAS ÁGUAS RS",28,Por evento
90497256,"COOPERATIVA DE CRÉDITO, POUPANÇA E INVESTIMENTO INTERESTADOS - SICREDI INTERESTADOS RS/ES",28,Por evento
77984870,"COOPERATIVA DE CRÉDITO, POUPANÇA E INVESTIMENTO TERRA DOS PINHEIRAIS DO PARANÁ E NOROESTE PAULISTA - SICREDI PLANALTO DAS ÁGUAS PR/SP",28,Por evento
89990501,"COOPERATIVA DE CRÉDITO, POUPANÇA E INVESTIMENTO DE IBIRAIARAS - SICREDI IBIRAIARAS RS/MG",28,Por evento
3535065,COOPERATIVA DE CRÉDITO SICOOB CREDMETAL,28,Por evento
89468565,"COOPERATIVA DE CRÉDITO, POUPANÇA E INVESTIMENTO DA REGIÃO DA PRODUÇÃO - SICREDI REGIÃO DA PRODUÇÃO RS/SC/MG",28,Por evento
87781530,"COOPERATIVA DE CRÉDITO, POUPANÇA E INVESTIMENTO INTEGRAÇÃO DE ESTADOS DO RIO GRANDE DO SUL, SANTA CATARINA E MINAS GERAIS - SICREDI INTEGRAÇÃO DE ESTADOS RS/SC/MG",28,Por evento
2923389,"COOPERATIVA DE CRÉDITO, POUPANÇA E INVESTIMENTO SICREDI ARACAJU - SICREDI ARACAJU",28,Por evento
81192106,"COOPERATIVA DE CRÉDITO, POUPANÇA E INVESTIMENTO NOSSA TERRA - SICREDI NOSSA TERRA PR/SP",28,Por evento
81099491,"COOPERATIVA DE CRÉDITO, POUPANÇA E INVESTIMENTO VALE DO PIQUIRI ABCD - SICREDI VALE DO PIQUIRI ABCD PR/SP",28,Por evento
8041950,"COOPERATIVA DE CRÉDITO, POUPANÇA E INVESTIMENTO DO SISTEMA DE JUSTIÇA NO ESTADO DO CEARÁ - SICREDI COOPERJURIS",28,Por evento
81206039,"COOPERATIVA DE CREDITO, POUPANÇA E INVESTIMENTO RIO PARANA - SICREDI RIO PARANA PR/SP",28,Por evento
92555150,"COOPERATIVA DE CRÉDITO, POUPANÇA E INVESTIMENTO DA REGIÃO ALTOS DA SERRA - SICREDI ALTOS DA SERRA RS/SC",28,Por evento
24654881,"COOPERATIVA DE CRÉDITO, POUPANÇA E INVESTIMENTO UNIÃO DOS ESTADOS DE MATO GROSSO DO SUL, TOCANTINS E OESTE DA BAHIA - SICREDI UNIÃO MS/TO",28,Por evento
3065046,"COOPERATIVA DE CRÉDITO, POUPANÇA E INVESTIMENTO DO NOROESTE DO ESTADO DE SÃO PAULO - SICREDI NOROESTE SP",28,Por evento
37442605,"COOPERATIVA DE CRÉDITO, POUPANÇA E INVESTIMENTO NORTE MATO-GROSSENSE E OESTE PARAENSE - SICREDI GRANDES RIOS MT/PA/AM",28,Por evento
91586982,"COOPERATIVA DE CRÉDITO, POUPANÇA E INVESTIMENTO SICREDI PIONEIRA RS - SICREDI PIONEIRA RS",28,Por evento
87067757,"COOPERATIVA DE CRÉDITO, POUPANÇA E INVESTIMENTO CENTRO SERRA - SICREDI CENTRO SERRA RS",28,Por evento
87437687,"COOPERATIVA CENTRAL DE CRÉDITO, POUPANÇA E INVESTIMENTO DO SUL E SUDESTE - CENTRAL SICREDI SUL/SUDESTE",28,Por evento
79052122,"COOPERATIVA DE CREDITO, POUPANÇA E INVESTIMENTO ALIANÇA - SICREDI ALIANÇA PR/SP",28,Por evento
79086997,"COOPERATIVA DE CRÉDITO, POUPANÇA E INVESTIMENTO PARANAPANEMA PR/SP - SICREDI PARANAPANEMA PR/SP",28,Por evento
91159764,"COOPERATIVA DE CRÉDITO, POUPANÇA E INVESTIMENTO DE LAJEADO - SICREDI INTEGRAÇÃO RS/MG",28,Por evento
57647653,"COOPERATIVA DE CRÉDITO, POUPANÇA E INVESTIMENTO DA REGIÃO DAS FLORES, DAS ÁGUAS E DOS VENTOS SP - SICREDI FORÇA DOS VENTOS SP",28,Por evento
72257793,SICREDI CEARÁ - COOPERATIVA DE CRÉDITO DO ESTADO DO CEARÁ,28,Por evento
79063574,"COOPERATIVA DE CRÉDITO, POUPANÇA E INVESTIMENTO DO NORTE DO PARANÁ E SUL DE SÃO PAULO - SICREDI NORTE SUL PR/SP",28,Por evento
5545390,"SICREDI COOMAMP - COOPERATIVA DE CRÉDITO DOS MEMBROS DE INSTITUIÇÕES PÚBLICAS DAS CARREIRAS JURÍDICAS E DOS SERVIDORES PÚBLICOS FEDERAIS, ESTADUAIS E MUNICIPAIS EM SÃO LUÍS/MA E MUNICÍPIOS CIRCUNVIZIN",28,Por evento
87779625,COOPERATIVA DE CRÉDITO COOPERAÇÃO - SICREDI COOPERAÇÃO,28,Por evento
88099247,"COOPERATIVA DE CRÉDITO, POUPANÇA E INVESTIMENTO RAÍZES - SICREDI RAÍZES RS/SC/MG",28,Por evento
2924977,"COOPERATIVA DE CRÉDITO, POUPANÇA E INVESTIMENTO DOS PROFISSIONAIS MÉDICOS E DA SAÚDE DE CURITIBA E REGIÃO METROPOLITANA - SICREDI MEDICRED PR",28,Por evento
81115149,"COOPERATIVA DE CRÉDITO, POUPANÇA E INVESTIMENTO GRANDES LAGOS DO PARANÁ E LITORAL PAULISTA - SICREDI GRANDES LAGOS PR/SP",28,Por evento
3042597,"COOPERATIVA DE CRÉDITO, POUPANÇA E INVESTIMENTO DE CAMPO GRANDE E REGIÃO - SICREDI CAMPO GRANDE MS",28,Por evento
81466286,"COOPERATIVA DE CRÉDITO, POUPANÇA E INVESTIMENTO CAMPOS GERAIS E GRANDE CURITIBA - SICREDI CAMPOS GERAIS E GRANDE CURITIBA PR/SP",28,Por evento
76059997,"COOPERATIVA DE CRÉDITO, POUPANÇA E INVESTIMENTO PROGRESSO - SICREDI PROGRESSO PR/SP",28,Por evento
87784088,"COOPERATIVA DE CRÉDITO, POUPANÇA E INVESTIMENTO SUL MINAS DO RIO GRANDE DO SUL E MINAS GERAIS - SICREDI SUL MINAS RS/MG.",28,Por evento
89049738,"COOPERATIVA DE CRÉDITO, POUPANÇA E INVESTIMENTO NOROESTE RS/MG - SICREDI NOROESTE RS/MG",28,Por evento
79457883,COOPERATIVA DE CRÉDITO E INVESTIMENTO DE LIVRE ADMISSÃO AGROEMPRESARIAL - SICREDI AGROEMPRESARIAL PR/SP,28,Por evento
95594941,"COOPERATIVA DE CRÉDITO, POUPANÇA E INVESTIMENTO DAS REGIÕES CENTRO DO RS E MG - SICREDI REGIÃO CENTRO RS/MG",28,Por evento
1181521,BANCO COOPERATIVO SICREDI S.A.,28,Por evento
26408161,"COOPERATIVA DE CRÉDITO, POUPANÇA E INVESTIMENTO DO CENTRO SUL DO MATO GROSSO DO SUL - SICREDI CENTRO-SUL MS",28,Por evento
33737818,"COOPERATIVA CENTRAL DE CRÉDITO, POUPANÇA E INVESTIMENTO DE MATO GROSSO DO SUL, GOIÁS, DISTRITO FEDERAL E TOCANTINS - CENTRAL SICREDI BRASIL CENTRAL",28,Por evento
70241658,"SICREDI RECIFE - COOPERATIVA DE CRÉDITO, POUPANÇA E INVESTIMENTO SICREDI RECIFE",28,Por evento
3000142,"COOPERATIVA DE CRÉDITO, POUPANÇA E INVESTIMENTO DOS POLICIAIS FEDERAIS DO RIO GRANDE DO SUL E SANTA CATARINA - SICREDI POL RS/SC",28,Por evento
78414067,"COOPERATIVA DE CRÉDITO, POUPANÇA E INVESTIMENTO VANGUARDA - SICREDI VANGUARDA PR/SP/RJ",28,Por evento
9343038,COOPERATIVA DE CRÉDITO SICREDI ALTO SERTÃO PARAIBANO - SICREDI ALTO SERTÃO PARAIBANO,28,Por evento
88894548,"COOPERATIVA DE CRÉDITO, POUPANÇA E INVESTIMENTO UNIÃO - SICREDI UNIAO RS/ES",28,Por evento
25626490,"COOPERATIVA DE CRÉDITO, POUPANÇA E INVESTIMENTO ALTO RIO GRANDE MG - SICREDI CREDIGRANDE MG",28,Por evento
4525997,"COOPERATIVA DE CRÉDITO, POUPANÇA E INVESTIMENTO DOS PROFESSORES, FUNCIONÁRIOS E ALUNOS DA UNIVERSIDADE DE CAXIAS DO SUL - SICREDI COOPERUCS",28,Por evento
88471024,COOPERATIVA DE CRÉDITO CENTRO LESTE - SICREDI CENTRO LESTE RS,28,Por evento
87780284,"COOPERATIVA DE CRÉDITO, POUPANÇA E INVESTIMENTO VALE DO JAGUARI E ZONA DA MATA - SICREDI VALE DO JAGUARI E ZONA DA MATA RS/MG",28,Por evento
87900601,"COOPERATIVA DE CRÉDITO, POUPANÇA E INVESTIMENTO BOTUCARAÍ - SICREDI BOTUCARAÍ RS/MG",28,Por evento
58160789,BANCO SAFRA S.A.,"27,6",Por evento
7450604,CHINA CONSTRUCTION BANK (BRASIL) BANCO MÚLTIPLO S/A,"27,2",Por evento
3419786,COOPERATIVA DE CRÉDITO NOSSA SENHORA DO DESTERRO - SICOOB CREDISC,"27,18",Por evento
65229254,COOPERATIVA DE CRÉDITO COOPACREDI LTDA. - SICOOB COOPACREDI,"26,6",Por evento
3973814,SERVICOOP - COOPERATIVA DE CRÉDITO DOS SERVIDORES PÚBLICOS ESTADUAIS E MUNICIPAIS DO RIO GRANDE DO SUL,26,Por evento
10690848,BANCO DA CHINA BRASIL S.A.,25,Por evento
92894922,BANCO ORIGINAL S.A.,25,Por evento
25420696,COOPERATIVA DE CRÉDITO CREDINACIONAL LTDA. - SICOOB CREDINACIONAL,25,Por evento
1559914,SICOOB AC CREDI - COOPERATIVA DE CRÉDITO DE LIVRE ADMISSÃO DO LESTE E NORDESTE MINEIRO LTDA.,25,Por evento
25798596,COOPERATIVA DE CRÉDITO CREDIVAR LTDA. - SICOOB CREDIVAR,25,Por evento
25387671,COOPERATIVA DE CREDITO DO ALTO PARANAIBA E REGIÃO LTDA. - SICOOB CREDIPATOS,25,Por evento
49389307,COOPERATIVA DE CREDITO COOPLIVRE,25,Por evento
71297899,COOPERATIVA DE CRÉDITO DE LIVRE ADMISSÃO DO OESTE MINEIRO LTDA. - SICOOB CREDICOPA,25,Por evento
26014175,COOPERATIVA DE CRÉDITO GUARANICREDI LTDA. - SICOOB GUARANICREDI,25,Por evento
66463407,COOPERATIVA DE CRÉDITO DE LIVRE ADMISSÃO DE ITAÚNA E REGIÃO LTDA - SICOOB CENTRO-OESTE,25,Por evento
3269540,"COOPERATIVA DE CRÉDITO DOS SERVIDORES MILITARES, POLÍCIA CIVIL E DA SECRETARIA DE EDUCAÇÃO DO ESTADO DE MINAS GERAIS LTDA - SICOOB COOPEMG",25,Por evento
1664968,COOPERATIVA  DE CRÉDITO DE LIVRE ADMISSÃO DE ASSOCIADOS UNIRONDÔNIA LTDA,25,Por evento
3047549,COOPERATIVA DE CRÉDITO E CAPTAÇÃO SICOOB UNICIDADES,25,Por evento
42898825,SICOOB CREDICOM - COOPERATIVA DE ECONOMIA E CREDITO MUTUO DOS MEDICOS E PROFISSIONAIS DA AREA DE SAUDE DO BRASIL LTDA.,25,Por evento
37255049,SICOOB CREDIGOIÁS COOPERATIVA DE CRÉDITO LTDA.,25,Por evento
1090027,COOPERATIVA DE ECONOMIA E CREDITO MUTUO DOS MEDICOS E CATEGORIAS AFINS-UNICRED NITEROI LTDA,25,Por evento
3320525,COOPERATIVA DE CRÉDITO ARACOOP LTDA. - SICOOB ARACOOP,25,Por evento
82133182,COOPERATIVA DE CRÉDITO DO VALE EUROPEU - SICOOB EURO VALE,25,Por evento
3323840,BANCO ALFA S.A.,25,Por evento
2282709,COOPERATIVA DE CRÉDITO DE LIVRE ADMISSÃO DO CENTRO NORTE BRASILEIRO,25,Por evento
7714057,COOPERATIVA DE ECONOMIA E CRÉDITO MÚTUO DOS PROFISSIONAIS DA ÁREA NOTARIAL E REGISTRAL - COOPNORE,25,Por evento
78862083,COOPERATIVA DE CRÉDITO DE LIVRE ADMISSÃO DE ASSOCIADOS CAMPOS NOVOS - SICOOB CAMPOS NOVOS,25,Por evento
78825270,COOPERATIVA DE CRÉDITO MAXI ALFA DE LIVRE ADMISSÃO DE ASSOCIADOS - SICOOB MAXICRÉDITO,25,Por evento
1637949,COOPERATIVA DE CRÉDITO DE LIVRE ADMISSÃO DO VALE DO PARANAPANEMA,25,Por evento
21866694,COOPERATIVA DE CRÉDITO CREDINOR LTDA - SICOOB CREDINOR,25,Por evento
61820817,BANCO PAULISTA S.A.,25,Por evento
10143743,COOPERATIVA DE CRÉDITO DE LIVRE ADMISSÃO DE ASSOCIADOS DO SUL DO BRASIL - CREVISC,25,Por evento
1187961,COOPERATIVA DE CRÉDITO DO DISTRITO FEDERAL E ENTORNO LTDA,25,Por evento
1522368,BANCO BNP PARIBAS BRASIL S.A.,25,Por evento
69346856,COOPERATIVA DE ECONOMIA E CRÉDITO MÚTUO DOS PROFISSIONAIS DA SAÚDE DA REGIÃO DA ALTA MOGIANA - SICOOB CREDIMOGIANA,25,Por evento
3461243,COOPERATIVA DE CRÉDITO DO NORTE CATARINENSE - ACREDICOOP,25,Por evento
9590601,COOPERATIVA DE CRÉDITO DA SERRA CATARINENSE - CREDICOMIN,25,Por evento
429890,COOPERATIVA DE CREDITO CREDIAGRO LTDA. - SICOOB CREDIAGRO,25,Por evento
3632872,COOPERATIVA DE CRÉDITO DE LIVRE ADMISSÃO DO SUDOESTE DA AMAZÔNIA LTDA. - SICOOB CREDISUL.,25,Por evento
8030602,COOPERATIVA DE CRÉDITO MÚTUO DOS CORRETORES DE SEGUROS DO ESTADO DE SÃO PAULO - SICOOB CREDICOR/SP,25,Por evento
3427097,COOPERATIVA DE CRÉDITO DE LIVRE ADMISSÃO DO SUL CATARINENSE - ACENTRA,25,Por evento
1727929,COOPERATIVA DE CRÉDITO UNICRED EVOLUÇÃO LTDA. - UNICRED EVOLUÇÃO,25,Por evento
9512539,COOPERATIVA DE CRÉDITO DA FOZ DO RIO ITAJAÍ AÇU - CREDIFOZ,25,Por evento
26960328,COOPERATIVA DE CRÉDITO DE LIVRE ADMISSÃO DO TOCANTINS LTDA,25,Por evento
70937271,COOPERATIVA DE CRÉDITO DOS PROFISSIONAIS DA ÁREA DA SAÚDE E DE LIVRE ADMISSÃO LTDA - UNICRED ALIANÇA,25,Por evento
2398976,SISPRIME DO BRASIL - COOPERATIVA DE CRÉDITO,25,Por evento
8850613,COOPERATIVA DE ECONOMIA E CRÉDITO MÚTUO DOS EMPREGADOS DA CENTRAIS ELÉTRICAS DE SANTA CATARINA - CREDELESC,25,Por evento
36900256,"COOPERATIVA DE CRÉDITO DOS MÉDICOS, PROFISSIONAIS DA SAÚDE E EMPRESÁRIOS DE MATO GROSSO",25,Por evento
65239402,COOPERATIVA DE CRÉDITO UNIÃO DO CENTRO OESTE DE MINAS LTDA. - SICOOB CENTRO UNIÃO,25,Por evento
2072790,COOPERATIVA DE ECONOMIA CRÉDITO MÚTUO - SICOOB CREDSAÚDE,25,Por evento
416968,BANCO INTER S.A.,25,Por evento
24610065,COOPERATIVA DE CRÉDITO SICOOB IPÊ - SICOOB IPÊ,25,Por evento
5503849,"SF3 CRÉDITO, FINANCIAMENTO E INVESTIMENTO S.A.",25,Por evento
1060307,COOPERATIVA DE CRÉDITO DE LIVRE ADMISSÃO DA UNIÃO DOS VALES DO PIRANGA E MATIPÓ LTDA. - SICOOB UNIÃO DOS VALES,25,Por evento
39231527,UNICRED COSTA DO SOL RJ - COOPERATIVA DE ECONOMIA E CRÉDITO MÚTUO LTDA.,25,Por evento
4445917,UNICRED REGIONAL NORTE LAGOS - COOPERATIVA DE ECONOMIA E CRÉDITO MÚTUO REGIONAL NORTE LAGOS LTDA,25,Por evento
41697103,COOPERATIVA DE CRÉDITO CREDILIVRE LTDA. - SICOOB CREDILIVRE,25,Por evento
78157146,CREDIALIANÇA COOPERATIVA DE CRÉDITO RURAL,"24,2",Por evento
42272526,BNY MELLON BANCO S.A.,24,Por evento
60701190,ITAÚ UNIBANCO S.A.,24,Por evento
3017677,BANCO J. SAFRA S.A.,24,Por evento
869687,COOPERATIVA DE CRÉDITO DE LIVRE ADMISSÃO DE BOA ESPERANÇA LTDA. - SICOOB BELCREDI,24,Por evento
68969625,COOPERATIVA DE ECONOMIA E CRÉDITO MÚTUO DOS EMPREGADOS DAS EMPRESAS CONTROLADAS E COLIGADAS DA USINA SANTA ADELIA - USAGRO,"23,8",Por evento
21797311,COOPERATIVA DE CRÉDITO DOS SERVIDORES DOS PODERES LEGISLATIVOS DO ESTADO DE MINAS GERAIS E DO SEU ÓRGÃO AUXILIAR E DE LIVRE ADMISSÃO LTDA. - SICOOB COFAL,23,Por evento
24795049,COOPERATIVA DE CRÉDITO DE LIVRE ADMISSÃO DO SUDOESTE GOIANO,23,Por evento
5861932,COOPERATIVA DE CRÉDITO MÚTUO DOS ADVOGADOS DE SANTA CATARINA,22,Por evento
25743311,COOPERATIVA DE CRÉDITO DE LIVRE ADMISSÃO DE CARMO DO RIO CLARO LTDA - SICOOB CREDICARMO,22,Por evento
37079720,COOPERATIVA DE CRÉDITO DE LIVRE ADMISSÃO LTDA. - SICOOB CREDIJUSTRA,22,Por evento
71418784,"COOPERATIVA DE CRÉDITO DOS MÉDICOS, TÉCNICOS E DEMAIS PROFISSIONAIS DA SAÚDE DO SUL DE MINAS LTDA., UNICRED SUL DE MINAS","21,11",Por evento
71884498,"COOPERATIVA DE CRÉDITO DOS MÉDICOS, DENTISTAS, PROFISSIONAIS DA ÁREA DE SAÚDE E DE LIVRE ADMISSÃO DO ESTADO DE SÃO PAULO LTDA. - UNICRED DO ESTADO DE SÃO PAULO",21,Por evento
59588111,BANCO VOTORANTIM S.A.,21,Por evento
71027866,BANCO BS2 S.A.,21,Por evento
25363615,COOPERATIVA DE CRÉDITO DE LIVRE ADMISSÃO SICOOB COOPJUS LTDA.,21,Por evento
2405189,COOPERATIVA DE CRÉDITO DA GRANDE FLORIANÓPOLIS - ÚNILOS,21,Por evento
10218474,COOPERATIVA DE CRÉDITO DA REGIÃO DO CONTESTADO - CIVIA,"20,95",Por evento
1009908,COOPERATIVA DE CREDITO DE LIVRE ADMISSAO DE PARA DE MINAS LTDA - SICOOB ASCICRED,"20,5",Por evento
60850229,OMNI BANCO S.A.,20,Por evento
26359745,COOPERATIVA DE CRÉDITO SICOOBMAIS  LTDA. - SICOOBMAIS,20,Por evento
11285104,"NEON FINANCEIRA - CRÉDITO, FINANCIAMENTO E INVESTIMENTO S.A.",20,Por evento
25528753,COOPERATIVA DE CRÉDITO CREDIVERDE LTDA. - SICOOB CREDIVERDE,20,Por evento
24830879,COOPERATIVA DE CRÉDITO DE LIVRE ADMISSÃO DO VALE DO ARAGUAIA LTDA.,20,Por evento
60498557,BANCO MUFG BRASIL S.A.,20,Por evento
71328769,SICOOB COCRED COOPERATIVA DE CRÉDITO,20,Por evento
86829827,COOPERATIVA DE CRÉDITO DE LIVRE ADMISSÃO DO VALE - SICOOB CREDIVALE/SC,20,Por evento
46642294,COOPERATIVA DE CRÉDITO MÚTUO DOS EMPREGADOS DA EMBRAER - COOPEREMB,20,Por evento
6975532,"COOPERATIVA DE ECONOMIA E CRÉDITO MÚTUO DOS PEQUENOS EMPRESÁRIOS, MICROEMPRESÁRIOS E MICROEMPREENDEDORES DA REGIÃO METROPOLITANA DE PORTO ALEGRE - CREDISIS/COOPESA",20,Por evento
7502031,COOPERATIVA DE CRÉDITO DE LIVRE ADMISSÃO CENTRO OESTE LTDA.,20,Por evento
71207740,COOPERATIVA DE CRÉDITO RURAL DE IRAÍ DE MINAS LTDA -SICOOB CREDIMIL,20,Por evento
68900810,BANCO RENDIMENTO S.A.,20,Por evento
259231,SICOOB UNIMAIS METROPOLITANA - COOPERATIVA DE CRÉDITO DE LIVRE ADMISSÃO,20,Por evento
3033469,COOPERATIVA DE CREDITO DO PLANALTO SUL - SICOOB CREDISSERRANA,20,Por evento
7469260,COOPERATIVA DE CRÉDITO CREDIFIEMG LTDA. - SICOOB CREDIFIEMG,20,Por evento
21670187,COOPERATIVA DE CRÉDITO CREDIBOM LTDA. - SICOOB CREDIBOM,20,Por evento
694389,COOPERATIVA DE CRÉDITO DE LIVRE ADMISSÃO DE ASSOCIADOS - SICOOB CREDICARU SC/RS,20,Por evento
26563270,PRIMACREDI COOPERATIVA DE CRÉDITO DE PRIMAVERA DO LESTE,20,Por evento
2794761,COOPERATIVA DE ECONOMIA E CRÉDITO MÚTUO DOS SERVIDORES DA UNIVERSIDADE FEDERAL DE VIÇOSA LTDA. - SICOOB UFVCREDI,20,Por evento
4120633,COOPERATIVA DE CREDITO CLASSICA DO ESTADO DO RIO DE JANEIRO - SICOOB EMPRESAS RJ,20,Por evento
33132044,BANCO CEDULA S.A.,20,Por evento
71238232,COOPERATIVA DE CRÉDITO DO CENTRO SUL MINEIRO LTDA. - SICOOB CENTRO SUL MINEIRO,20,Por evento
8044854,COOPERATIVA DE CREDITO DO CENTRO DO ESTADO DE RONDONIA - SICOOB CENTRO,20,Por evento
81292278,COOPERATIVA DE CRÉDITO ORIGINAL - SICOOB ORIGINAL,20,Por evento
16779741,COOPERATIVA DE CRÉDITO DE LIVRE ADMISSÃO DO ALTO VALE DO ITAJAÍ - VIACREDI ALTO VALE,20,Por evento
97259253,COOPERATIVA E ECONOMIA E CRÉDITO MÚTUO DOS MÉDICOS DO PLANALTO MÉDIO DO RIO GRANDE DO SUL LTDA. - CREDISIS/CREDIPLAN,20,Por evento
71506513,COOPERATIVA DE CRÉDITO SICOOB ITAPAGIPE LTDA - SICOOB ITAPAGIPE,20,Por evento
57839805,BANCO TRICURY S.A.,20,Por evento
54190525,COOPERATIVA DE ECONOMIA E CRÉDITO MÚTUO DOS SERVIDORES MUNICIPAIS DA REGIÃO METROPOLITANA DO VALE DO PARAÍBA E LITORAL NORTE - SICOOB-CRESSEM,20,Por evento
7669921,COOPERATIVA DE CRÉDITO MÚTUO - SICOOB CREDIACISC,20,Por evento
3985375,CREDISIS SUDOESTE/RO - COOPERATIVA DE CRÉDITO E INVESTIMENTO DO SUDOESTE DE RONDÔNIA,20,Por evento
1667766,SICOOB CREDINOVA - COOPERATIVA DE CRÉDITO DE LIVRE ADMISSÃO DE NOVA SERRANA E REGIÃO CENTRO-OESTE LTDA.,20,Por evento
60518222,BANCO SUMITOMO MITSUI BRASILEIRO S.A.,20,Por evento
67960229,COOPERATIVA DE CRÉDITO CREDIGUAÇU - SICOOB CREDIGUAÇU,20,Por evento
4174720,COOPERATIVA DE CRÉDITO SICOOB COOPEMAR LTDA,20,Por evento
38588174,COOPERATIVA DE CRÉDITO CREDICOPE LTDA. - SICOOB CREDICOPE,20,Por evento
58497702,BANCO LETSBANK S.A.,20,Por evento
4079285,COOPERATIVA DE CRÉDITO DE LIVRE ADMISSÃO DE ITAJUBÁ LTDA - SICOOB SUDESTE MAIS,20,Por evento
61033106,BANCO CREFISA S.A.,20,Por evento
37076205,COOPERATIVA DE CRÉDITO DE LIVRE ADMISSÃO DE ASSOCIADOS LTDA. - SICOOB JUDICIÁRIO,20,Por evento
16564240,"COOPERATIVA DE ECONOMIA E CRÉDITO MÚTUO DOS APOSENTADOS, PENSIONISTAS E IDOSOS - SICOOB COOPERNAPI",20,Por evento
60889128,BANCO SOFISA S.A.,20,Por evento
33644196,BANCO FATOR S.A.,20,Por evento
4414354,COOPERATIVA DE CRÉDITO MÚTUO DO ABC - COOPER 7,20,Por evento
19869338,COOPERATIVA DE CREDITO DE LIVRE ADMISSAO DO VALE DO AÇO LTDA - SICOOB VALE DO AÇO,20,Por evento
25536764,COOPERATIVA DE CRÉDITO CREDILUZ LTDA. - SICOOB CREDILUZ,20,Por evento
4572960,COOPERATIVA DE ECONOMIA E CRÉDITO MÚTUO DOS MILITARES ESTADUAIS DE SANTA CATARINA - CREDPOM,20,Por evento
78834975,COOPERATIVA DE CRÉDITO DE LIVRE ADMISSÃO DE ASSOCIADOS DO VALE DO CANOINHAS - SICOOB CREDICANOINHAS/SC,20,Por evento
25387713,COOPERATIVA DE CRÉDITO DE LIVRE ADMISSÃO DA REGIÃO DE  PARÁ DE MINAS LTDA - SICOOB CREDIRURAL,20,Por evento
1703620,COOPERATIVA DE CRÉDITO DE LIVRE ADMISSÃO UNIÃO DO CENTRO OESTE DE MINAS LTDA - SICOOB CREDESP,20,Por evento
80959638,COOPERATIVA DE CRÉDITO DE LIVRE ADMISSÃO DE ASSOCIADOS DO MEIO OESTE CATARINENSE - SICOOB CREDIMOC SC,20,Por evento
58616418,BANCO FIBRA S.A.,20,Por evento
22753982,COOPERATIVA DE CRÉDITO CREDISETE LTDA. - SICOOB CREDISETE,20,Por evento
9033698,COOPERATIVA DE CRÉDITO DE LIVRE ADMISSÃO DE RIO VERDE E REGIÃO LTDA.,20,Por evento
804046,COOPERATIVA DE CRÉDITO CREDICAPI LTDA - SICOOB CREDICAPI,20,Por evento
4694278,COOPERATIVA DE ECONOMIA E CRÉDITO MÚTUO DOS INTEGRANTES DO MINISTÉRIO PÚBLICO E DA DEFENSORIA PÚBLICA NO ESTADO DO RIO DE JANEIRO LIMITADA. - SICOOB COMPERJ,19,Por evento
14913919,COOPERATIVA DE CREDITO DO MERCADO IMOBILIÁRIO - SICOOB IMOB.VC,"18,7",Por evento
44373041,COOPERATIVA DE CRÉDITO RURAL - CREDICANA,18,Por evento
7789195,COOPERATIVA DE CRÉDITO DE LIVRE ADMISSÃO E DOS TRANSPORTADORES RODOVIÁRIOS DE VEÍCULOS - SICOOB CREDCEG,18,Por evento
22749014,COOPERATIVA DE CRÉDITO DA REGIÃO CENTRAL DE MINAS LTDA. - SICOOB UNIÃO CENTRAL,18,Por evento
74248949,COOPERATIVA DE CRÉDITO MÚTUO DOS SERVIDORES MUNICIPAIS DE SÃO JOÃO DA BOA VISTA - CREDIVISTA,17,Por evento
5477038,COOPERATIVA DE CRÉDITO NO PIAUÍ - SICOOB PIAUÍ,17,Por evento
2000895,"COOPERATIVA DE ECONOMIA E CRÉDITO MÚTUO DOS SERVIDORES DO PODER JUDICIÁRIO, DO TRIBUNAL DE CONTAS ESTADUAL E DEMAIS ÓRGÃOS PÚBLICOS MUNICIPAIS, ESTADUAIS E FEDERAIS NO ESTADO DO RIO DE JANEIRO LTDA. -",17,Por evento
66259110,COOPERATIVA DE CRÉDITO CREDIBAM LTDA. - SICOOB CREDIBAM,16,Por evento
39343350,LAR COOPERATIVA DE CRÉDITO - LAR CREDI,15,Por evento
4184779,BANCO BRADESCARD S.A.,15,Por evento
19449602,COOPERATIVA DE CRÉDITO CREDCOOPER LTDA - SICOOB CREDCOOPER,15,Por evento
68987,COOPERATIVA DE CRÉDITO ARACREDI LTDA. - SICOOB ARACREDI,15,Por evento
9004796,COOPERATIVA DE ECONOMIA E CRÉDITO MÚTUO SICOOB CRED-ACILPA,15,Por evento
15173776,SOCIAL BANK BANCO MÚLTIPLO S/A,15,Por evento
71163315,"COOPERATIVA DE CRÉDITO MÚTUO DOS PROFISSIONAIS DE NÍVEL SUPERIOR DA SAÚDE, ARQUITETOS E URBANISTAS DE SETE LAGOAS E REGIÃO LTDA - UNICRED SETE LAGOAS",15,Por evento
71261184,COOPERATIVA DE CRÉDITO DE LIVRE ADMISSÃO DA REGIÃO DO CAPARAÓ LTDA. - SICOOB SAÚDE,15,Por evento
24048910,COOPERATIVA DE CRÉDITO CREDINTER LTDA. - SICOOB CREDINTER,15,Por evento
41931221,"COOPERATIVA DE CRÉDITO DE LIVRE ADMISSÃO DE PITANGUI, PAPAGAIOS, MARAVILHAS E REGIÃO LTDA. - SICOOB CREDICOOP",15,Por evento
4321309,COOPERATIVA DE CRÉDITO DOS SERVIDORES PÚBLICOS NO ESTADO DA BAHIA LTDA. - SICOOB CRED EXECUTIVO,15,Por evento
30723886,BANCO MODAL S.A.,15,Por evento
71432926,COOPERATIVA DE CRÉDITO DOS PROFISSIONAIS DE SAÚDE E DE LIVRE ADMISSÃO DO TRIÂNGULO MINEIRO E SUL DE MINAS LTDA. - UNICRED PROGRESSO,15,Por evento
2217068,"COOPERATIVA DE CRÉDITO DOS CONTADORES, ADMINISTRADORES DE EMPRESAS, ECONOMISTAS E CORRETORES DE SEGUROS LTDA. - SICOOB CREDITABIL",15,Por evento
67096909,COOPERATIVA DE CRÉDITO CREDICOCAPEC,15,Por evento
32615247,COOPERATIVA DE CREDITO SICOOB COOPEC LTDA.,15,Por evento
2282165,COOPERATIVA DE CRÉDITO DO SUDOESTE BAIANO LTDA - SICOOB CREDICONQUISTA,15,Por evento
10143499,COOPERATIVA DE CRÉDITO DE LIVRE ADMISSÃO DE JATAÍ E REGIÃO LTDA.,"14,4",Por evento
8075352,COOPERATIVA DE CRÉDITO DOS EMPRESÁRIOS E EMPREGADOS DOS TRANSPORTES E CORREIOS DO SUL DO BRASIL - TRANSPOCRED,"14,3",Por evento
17351180,BANCO TRIANGULO S.A.,13,Por evento
82639451,COOPERATIVA DE CREDITO VALE DO ITAJAI - VIACREDI,12,Por evento
21110927,COOPERATIVA DE CRÉDITO CLÁSSICA DOS FUNCIONÁRIOS E PRESTADORES DE SERVIÇOS DAS EMPRESAS LIGADAS AO GRUPO EUCATUR LTDA. - SICOOB EUCRED,12,Por evento
33923798,BANCO MASTER S/A,12,Por evento
61533584,BANCO SOCIETE GENERALE BRASIL S.A.,12,Por evento
10311218,COOPERATIVA DE CRÉDITO EVOLUA,12,Por evento
54403563,BANCO ARBI S.A.,11,Por evento
66402207,COOPERATIVA DE CRÉDITO DE LIVRE ADMISSÃO DE SÃO ROQUE DE MINAS LTDA.,10,Por evento
9576849,COOPERATIVA DE CRÉDITO DE LIVRE ADMISSÃO DE CERES E RIALMA LTDA,10,Por evento
5203605,COOPERATIVA DE CRÉDITO DA AMAZÔNIA - SICOOB AMAZÔNIA,10,Por evento
50585090,BCV - BANCO DE CRÉDITO E VAREJO S.A.,10,Por evento
6910457,COOPERATIVA DE CRÉDITO DE LIVRE ADMISSÃO DE SANTA CRUZ DAS PALMEIRAS E REGIÃO,10,Por evento
71069587,COOPERATIVA DE CRÉDITO CREDPLUS LTDA. - SICOOB CREDPLUS,10,Por evento
92874270,BANCO DIGIMAIS S.A.,10,Por evento
2179673,COOPERATIVA DE ECONOMIA E CRÉDITO MÚTUO DOS MÉDICOS E DEMAIS PROFISSIONAIS DE NÍVEL SUPERIOR DA ÁREA DE SAÚDE DE OURINHOS - OURICRED,10,Por evento
12384953,COOPERATIVA DE CRÉDITO DE LIVRE ADMISSÃO DE ASSOCIADOS DE JARAGUÁ DO SUL E REGIÃO - SICOOB CEJASCRED,10,Por evento
2015588,COOPERATIVA DE CRÉDITO DE LIVRE ADMISSÃO DO CENTRO SUL RONDONIENSE - SICOOB CREDIP.,10,Por evento
1330387,COOPERATIVA DE CRÉDITO RURAL DE PEQUENOS AGRICULTORES E DA REFORMA AGRÁRIA DO CENTRO OESTE DO PARANÁ - CREHNOR LARANJEIRAS,10,Por evento
66262643,COOPERATIVA DE CRÉDITO CREDIPEU LTDA.  - SICOOB CREDIPEU,10,Por evento
9552111,"COOPERATIVA DE CRÉDITO DOS MAGISTRADOS, SERVIDORES DA JUSTIÇA DO ESTADO DE GOIÁS E EMPREGADOS DA CELG LTDA.",10,Por evento
73326449,COOPERATIVA DE CRÉDITO DE LIVRE ADMISSÃO DE ASSOCIADOS - SICOOB CRUZ ALTA,10,Por evento
85291086,COOPERATIVA DE CRÉDITO LITORÂNEA,10,Por evento
61186680,BANCO BMG S.A.,10,Por evento
14046512,COOPERATIVA DE CRÉDITO DE LIVRE ADMISSÃO DA MARGEM ESQUERDA DO URUCUIA E SÃO FRANCISCO LTDA - SICOOB CREDICHAPADA,10,Por evento
44469161,COOPECREDI GUARIBA - COOPERATIVA DE CREDITO,10,Por evento
2254376,COOPERATIVA DE CRÉDITO DE LIVRE ADMISSÃO DE ASSOCIADOS DE DORES DO INDAIÁ LTDA - COOPCREDI,10,Por evento
78865995,COOPERATIVA DE CRÉDITO DE LIVRE ADMISSÃO DE ASSOCIADOS VALE DO RIO DO PEIXE - SICOOB CREDIRIO SC,10,Por evento
44189447,BANCO DE LA PROVINCIA DE BUENOS AIRES,9,Por evento
74220948,SICOOB UNISP - COOPERATIVA DE CRÉDITO,"8,5",Por evento
19402130,"COOPERATIVA DE ECONOMIA E CRÉDITO MÚTUO DOS SERVIDORES DA FUNDAÇÃO HOSPITALAR E EMPREGADOS DOS ESTABELECIMENTOS HOSPITALARES DE BELO HORIZONTE, REGIÃO METROPOLITANA E ZONA DA MATA LTDA.- SICOOB CECREF",8,Por evento
1709266,COOPERATIVA DE CRÉDITO MÚTUO DOS PROFISSIONAIS DA SAÚDE E LIVRE ADMISSÃO DE TEÓFILO OTONI LTDA. - UNICRED TRÊS VALES,8,Por evento
33615055,COOPERATIVA DE CRÉDITO DE LIVRE ADMISSÃO DE ANÁPOLIS E REGIÃO LTDA,7,Por evento
2602922,"COOPERATIVA DE CRÉDITO DOS MÉDICOS, SERVIDORES PÚBLICOS E EMPRESÁRIOS DO NORDESTE LTDA - UNICRED DO NORDESTE","5,74",Por evento
64276058,COOPERATIVA DE CRÉDITO CREDINORTE LTDA. - SICOOB CREDINORTE,5,Por evento
20961629,COOPERATIVA DE ECONOMIA E CRÉDITO MÚTUO DOS COLABORADORES DA VALE S.A LTDA. - SICOOB CREDIVALE,5,Por evento
1864151,COOPERATIVA  ECONOMIA CRÉDITO MÚTUO  SERVS E EMPREGADOS PÚBLICOS MUNIC DE BELO HORIZONTE BETIM BRUMADINHO CONTAGEM IBIRITÉ NOVA LIMA RIBEIRÃO DAS NEVES SABARÁ SANTA LUZIA E VESPASIANO SICOOB CREDISERV,5,Por evento
64739121,SICOOB CRED COPERCANA COOPERATIVA DE CRÉDITO,5,Por evento
3862898,COOPERATIVA DE ECONOMIA E CRÉDITO DE LIVRE ADMISSÃO DOS EMPREGADOS DOS CORREIOS LTDA. - SICOOB COOPERCORREIOS,5,Por evento
62232889,BANCO DAYCOVAL S.A.,"2,13",Por evento
5969937,COOPERATIVA DE CRÉDITO MÚTUO DOS SERVIDORES MUNICIPAIS DE BEBEDOURO - COOCRESB.,2,Por evento
4247370,COOPERATIVA DE CRÉDITO DE EMPRESÁRIOS - SICOOB/TRANSCREDI,0,-
4261151,COOPERATIVA DE CRÉDITO E INVESTIMENTO COM INTERAÇÃO SOLIDÁRIA TRANSFORMAÇÃO - CRESOL TRANSFORMAÇÃO,0,-
20833976,COOPERATIVA DE CRÉDITO DOS SERVIDORES PÚBLICOS MUNICIPAIS DE TIMÓTEO LTDA. - COOPERTIM,0,-
2904125,COOPERATIVA DE CRÉDITO E ECONOMIA COM INTERAÇÃO SOLIDÁRIA DE JACUTINGA - CRESOL JACUTINGA,0,-
4158581,COOPERATIVA DE ECONOMIA E CRÉDITO MÚTUO DOS BANCÁRIOS DE JUIZ DE FORA LTDA. - COCBAN,0,-
33923111,BRKB DISTRIBUIDORA DE TÍTULOS E VALORES MOBILIÁRIOS S.A.,0,-
88043187,COOPERATIVA DE ECONOMIA E CRÉDITO MÚTUO DOS EMPREGADOS DA PROLEC GE BRASIL TRANSMISSÃO DE ENERGIA S.A.,0,-
24933830,BB-BANCO DE INVESTIMENTO S/A,0,-
51489318,COOPERATIVA DE ECONOMIA E CRÉDITO MÚTUO DOS MAGISTRADOS DE SÃO PAULO - MAGISCRED,0,-
61348538,BANCO C6 CONSIGNADO S.A.,0,-
6031727,COOPERATIVA DE CRÉDITO E INVESTIMENTO COM INTERAÇÃO SOLIDÁRIA ESSÊNCIA - CRESOL ESSÊNCIA,0,-
19875244,COOPERATIVA DE CRÉDITO DE LIVRE ADMISSÃO - SICOOB COPESITA,0,-
67341487,COOPERATIVA DE ECONOMIA E CRÉDITO MÚTUO DOS FUNCIONÁRIOS DA TETRA PAK,0,-
54037916,COOPERATIVA DE CREDITO CREDICITRUS,0,-
2904138,COOPERATIVA DE CRÉDITO RURAL E ECONOMIA COM INTERAÇÃO SOLIDÁRIA DE ÁUREA - CRESOL ÁUREA,0,-
3384738,BV DISTRIBUIDORA DE TÍTULOS E VALORES MOBILIÁRIOS S.A.,0,-
33416108,"COOPERATIVA CENTRAL DE CRÉDITO DE GOIÁS, DISTRITO FEDERAL E TOCANTINS LTDA. - SICOOB NOVA CENTRAL",0,-
76461557,COOPERATIVA DE CRÉDITO RURAL COOPAVEL,0,-
7215632,COOPERATIVA DE CRÉDITO E INVESTIMENTO COM INTERAÇÃO SOLIDÁRIA ALTERNATIVA - CRESOL ALTERNATIVA,0,-
2663426,COOPERATIVA DE CRÉDITO E ECONOMIA COM INTERAÇÃO SOLIDÁRIA - CRESOL NOROESTE,0,-
17298092,BANCO ITAÚ BBA S.A.,0,-
9330158,COOPERATIVA DE CREDITO E ECONOMIA COM INTERAÇÃO SOLIDÁRIA - CRESOL TREZE DE MAIO,0,-
4622657,COOPERATIVA DE CRÉDITO E INVESTIMENTO COM INTERAÇÃO SOLIDÁRIA GERAÇÕES - CRESOL GERAÇÕES,0,-
17167412,"FINANCEIRA ALFA S.A. - CREDITO, FINANCIAMENTO E INVESTIMENTOS",0,-
42100982,COOPERATIVA DE ECONOMIA E CREDITO MUTUO DOS SERVIDORES DA EMPRESA BRASILEIRA DE CORREIOS E TELEGRAFOS LTDA,0,-
5983995,COOPERATIVA DE CRÉDITO E INVESTIMENTO COM INTERAÇÃO SOLIDÁRIA COOPERAR - CRESOL COOPERAR,0,-
62144175,BANCO PINE S.A.,0,-
5070112,COOPERATIVA DE CRÉDITO E ECONOMIA COM INTERAÇÃO SOLIDÁRIA - CRESOL INOVAÇÃO,0,-
5591437,"COOPERATIVA DE ECONOMIA E CRÉDITO MÚTUO SERVIDORES PÚBLICOS ATIVOS, INATIVOS E PENSIONISTAS DA ADMINISTRAÇÃO DIRETA, INDIRETA E ASSEMBLÉIA LEGISLATIVA DO ESTADO DO RIO GRANDE SUL - COOPSERGS",0,-
1692448,COOPERATIVA DE CRÉDITO DE LIVRE ADMISSÃO DE ASSOCIADOS DO PLANALTO SERRANO - SICOOB CREDISERRA SC,0,-
5463212,COOPERATIVA CENTRAL DE CRÉDITO - AILOS,0,-
33172537,BANCO J.P. MORGAN S.A.,0,-
45283173,BBVA BRASIL BANCO DE INVESTIMENTO S.A.,0,-
2528151,COOPERATIVA DE CRÉDITO SICOOB CREDCOOP LTDA.,0,-
7320890,COOPERATIVA DE CRÉDITO E ECONOMIA COM INTERAÇÃO SOLIDÁRIA CRESOL VALE,0,-
10453077,COOPERATIVA DE CRÉDITO RURAL COM INTERAÇÃO SOLIDÁRIA REALIZA - CRESOL REALIZA,0,-
2083914,COOPERATIVA DE CRÉDITO MÚTUO DOS POLICIAIS FEDERAIS E SERVIDORES DA UNIÃO NO ESPÍRITO SANTO - CREDFEDERAL,0,-
1205736,COOPERATIVA DE CRÉDITO SICOOB COSTA DO DESCOBRIMENTO LTDA.,0,-
26758433,COOPERATIVA DE ECONOMIA E CRÉDITO MÚTUO DOS PETROLEIROS NO ESTADO DE MINAS GERAIS LTDA. - COPETRO,0,-
4751713,COOPERATIVA DE CRÉDITO E INVESTIMENTOS DE RONDÔNIA - SICOOB CREDJURD,0,-
3165497,COOPERATIVA DE ECONOMIA E CREDITO MUTUO DOS FUNCIONARIOS DA SANEPAR - CREDISANEPAR,0,-
73398646,SOCIEDADE COOPERATIVA DE CRÉDITO COOPERE LTDA.  - SICOOB COOPERE,0,-
4565791,COOPERATIVA DE CRÉDITO E ECONOMIA COM INTERAÇÃO SOLIDÁRIA DE ARATIBA - CRESOL ARATIBA,0,-
7412987,COOPERATIVA DE CRÉDITO E ECONOMIA COM INTERAÇÃO SOLIDÁRIA - CRESOL ALIANÇA,0,-
71336432,SICOOB CREDIMED - COOPERATIVA DE CRÉDITO DE LIVRE ADMISSÃO DA CIDADE DE UBERABA LTDA.,0,-
40434681,AZUMI DISTRIBUIDORA DE TÍTULOS E VALORES MOBILIÁRIOS LTDA.,0,-
548980,COOPERATIVA DE ECONOMIA E CRÉDITO MÚTUO DOS FUNCIONÁRIOS DO GRUPO SUGGAR LTDA.,0,-
2766672,COOPERATIVA DE CRÉDITO RURAL COM INTERAÇÃO SOLIDÁRIA PLANALTO SERRANO - CRESOL PLANALTO SERRANO,0,-
9128022,COOPERATIVA DE ECONOMIA E CRÉDITO MÚTUO DOS FUNCIONÁRIOS DA NAKATA,0,-
34148882,COOPERATIVA CENTRAL DE CRÉDITO DA BAHIA LTDA - SICOOB CENTRAL BA,0,-
1582158,OPPORTUNITY DISTRIBUIDORA DE TÍTULOS E VALORES MOBILIÁRIOS LTDA,0,-
40333582,PROSEFTUR CORRETORA DE CAMBIO S.A,0,-
67030395,TRUSTEE DISTRIBUIDORA DE TÍTULOS E VALORES MOBILIÁRIOS LTDA.,0,-
106180,"CENTRAL DAS COOPERATIVAS DE CRÉDITO DOS ESTADOS DE MATO GROSSO, MATO GROSSO DO SUL E DO MUNICÍPIO DE CACOAL/RO - SICOOB CENTRAL RONDON",0,-
2587492,COOPERATIVA DE CRÉDITO DE LIVRE ADMISSÃO DE ASSOCIADOS URUBICI - SICOOB CREDIARAUCÁRIA/SC,0,-
3015152,COOPERATIVA DE CRÉDITO E ECONOMIA COM INTERAÇÃO SOLIDÁRIA DE SÃO VALENTIM - CRESOL SÃO VALENTIM,0,-
58022195,COPERCRED - COOPERATIVA DE ECONOMIA E CRÉDITO MÚTUO DOS EMPREGADOS DAS EMPRESAS ZILLO LORENZETTI,0,-
78840071,COOPERATIVA DE CRÉDITO DE LIVRE ADMISSÃO DE ASSOCIADOS DO ALTO URUGUAI CATARINENSE - SICOOB CREDIAUC,0,-
4985665,CREDISIS OESTE - COOPERATIVA DE CRÉDITO E INVESTIMENTO DO OESTE,0,-
46570800,ALFA ARRENDAMENTO MERCANTIL S.A.,0,-
2853045,COOPERATIVA DE ECONOMIA E CREDITO MUTUO DOS MEDICOS E DEMAIS PROFISSIONAIS DA SAUDE DE JOACABA,0,-
78825023,COOPERATIVA DE CRÉDITO DE LIVRE ADMISSÃO DE ASSOCIADOS OESTE CATARINENSE,0,-
4152107,COOPERATIVA DE ECONOMIA E CRÉDITO MÚTUO DOS SERVIDORES DA POLÍCIA MILITAR DO ESTADO DE SÃO PAULO DA REGIÃO CENTRO-OESTE PAULISTA - CREDMIL,0,-
7494300,"COOPERATIVA DE ECONOMIA E CRÉDITO MÚTUO DOS TRABALHADORES NA ÁREA DE SAÚDE, AFINS E EMPRESÁRIOS VINCULADOS À ACCI DE ERECHIM-RS-CREDISUL",0,-
336036,COINVALORES CORRETORA DE CÂMBIO E VALORES MOBILIÁRIOS LTDA.,0,-
707903,COOPERATIVA DE CRÉDITO VALE DO CANOAS - SICOOB/SC CREDICANOAS,0,-
57598120,COOPERATIVA DE ECONOMIA E CRÉDITO MÚTUO DOS EMPREGADOS DO GRUPO TELEFÔNICA,0,-
9210106,SOCRED S.A. - SOCIEDADE DE CRÉDITO AO MICROEMPREENDEDOR E À EMPRESA DE PEQUENO PORTE,0,-
78626983,BANCO VR S.A.,0,-
7202627,COOPERATIVA CENTRAL DE CRÉDITO RURAL COM INTERAÇÃO SOLIDÁRIA -  CRESOL CENTRAL BRASIL,0,-
2093154,"COOPERATIVA DE CRÉDITO MÚTUO DOS EMPREGADOS DO MAGAZINE LUIZA, EMPRESAS CONTROLADAS E COLIGADAS - COOPLUIZA",0,-
2833202,COOPERATIVA DE CRÉDITO DE LIVRE ADMISSÃO DE VITÓRIA DA CONQUISTA,0,-
1062439,COOPERATIVA DE ECONOMIA E CREDITO MUTUO DOS FUNCIONARIOS DA COMIGO,0,-
25683434,COOPERATIVA CENTRAL DE CRÉDITO DE MINAS GERAIS LTDA. - SICOOB CENTRAL CREDIMINAS,0,-
6077760,COOPERATIVA DE CRÉDITO MÚTUO DOS FUNCIONÁRIOS DA RICLAN,0,-
2541707,COOPERATIVA DE ECONOMIA E CRÉDITO MÚTUO DOS FUNCIONÁRIOS DAS EMPRESAS DE CERÂMICA - COOPASPACER,0,-
42880617,COOPERATIVA DE CRÉDITO DE TIROS E MATUTINA LTDA.- SICOOB CREDITIROS,0,-
91884981,BANCO JOHN DEERE S.A.,0,-
2448839,COOPERATIVA DE CRÉDITO DE RIO RUFINO - SICOOB CREDIUNIÃO,0,-
69136075,COOPERATIVA DE ECONOMIA E CRÉDITO MÚTUO DOS SERVIDORES DA UNESP - COOPUNESP,0,-
5269976,COOPERATIVA DE CRÉDITO E ECONOMIA COM INTERAÇÃO SOLIDÁRIA DE FORMOSA DO SUL - CRESOL FORMOSA,0,-
80959612,COOPERATIVA DE CRÉDITO ALTO VALE DO ITAJAÍ - SICOOB ALTO VALE,0,-
7465539,COOPERATIVA DE CRÉDITO RURAL COM INTERAÇÃO SOLIDÁRIA ALTO VALE - CRESOL ALTO VALE,0,-
32062580,BANCO CREDIT SUISSE (BRASIL) S.A.,0,-
11703662,TRAVELEX BANCO DE CÂMBIO S.A.,0,-
17315359,SITA SOCIEDADE CORRETORA DE CAMBIO E VALORES MOBILIARIOS S.A,0,-
5241145,COOPERATIVA DE CRÉDITO RURAL E ECONOMIA COM INTERAÇÃO SOLIDÁRIA DE GETÚLIO VARGAS - CRESOL GETÚLIO VARGAS,0,-
31597552,BANCO CLASSICO S.A.,0,-
91018408,COOPERATIVA DE ECONOMIA E CRÉDITO MÚTUO DOS FUNCIONÁRIOS DAS EMPRESAS DO GRUPO DANA - COOPDANA,0,-
4831810,COOPERATIVA DE ECONOMIA E CREDITO MUTUO DOS SERVIDORES PUBLICOS DE PINHÃO - CRESERV-PINHÃO,0,-
53776852,COOPERATIVA DE CREDITO DOS FORNECEDORES DE CANA E DEMAIS PRODUTORES RURAIS DO CENTRO DO ESTADO DE SAO PAULO - CREDICENTRO,0,-
25395435,COOPERATIVA DE CRÉDITO CREDICAF LTDA - SICOOB CREDICAF,0,-
73254757,COOPERATIVA DE CREDITO E ECONOMIA COM INTERAÇÃO SOLIDARIA DE QUILOMBO - CRESOL QUILOMBO,0,-
8647473,COOPERATIVA DE CRÉDITO E ECONOMIA COM INTERAÇÃO SOLIDÁRIA DE CORONEL FREITAS - CRESOL CORONEL FREITAS,0,-
4608925,CREDJUST - COOPERATIVA DE CRÉDITO MÚTUO DOS INTEGRANTES DA JUSTIÇA DO TRABALHO DA 13ª REGIÃO LTDA.,0,-
2309070,CREDISIS JICRED - COOPERATIVA DE CRÉDITO DE LIVRE ADMISSÃO JICRED,0,-
9526594,BANCO MASTER DE INVESTIMENTO S.A.,0,-
5863726,COOPERATIVA DE CRÉDITO E ECONOMIA COM INTERAÇÃO SOLIDÁRIA DO PLANALTO SERRA DO RIO GRANDE DO SUL - CRESOL PLANALTO SERRA,0,-
2144899,COOPERATIVA DE CRÉDITO DE LIVRE ADMISSÃO DA REGIÃO CENTRAL DE RONDÔNIA   SICOOB OUROCREDI,0,-
2844024,COOPERATIVA DE CRÉDITO E ECONOMIA COM INTERAÇÃO SOLIDÁRIA CRESOL EVOLUÇÃO,0,-
73647935,COOPERATIVA DE CRÉDITO UNIQUE BR,0,-
1301541,COOPERATIVA DE ECONOMIA E CRÉDITO MÚTUO DOS BANCÁRIOS DO TRIÂNGULO LTDA.,0,-
806535,PLANNER CORRETORA DE VALORES S.A.,0,-
75647891,BANCO CRÉDIT AGRICOLE BRASIL S.A.,0,-
70116611,CENTRAL DAS COOPERATIVAS DE CRÉDITO DO NORDESTE - SICOOB CENTRAL NE,0,-
5494591,COOPERATIVA DE CRÉDITO E INVESTIMENTO COM INTERAÇÃO SOLIDÁRIA NASCENTE - CRESOL NASCENTE,0,-
17343510,COOPERATIVA DE CRÉDITO E INVESTIMENTO COM INTERAÇÃO SOLIDÁRIA RAIZ - CRESOL RAIZ,0,-
16721078,COOPERATIVA DE ECONOMIA E CRÉDITO MÚTUO DOS FUNCIONÁRIOS DA SECRETARIA DE ESTADO DA FAZENDA  DO ESTADO DE MINAS GERAIS E DE LIVRE ADMISSÃO LTDA - SICOOB COOPSEF,0,-
33987793,BANCO DE INVESTIMENTOS CREDIT SUISSE (BRASIL) S.A.,0,-
81011686,COOPERATIVA DE CRÉDITO DO NORTE CATARINENSE E SUL PARANAENSE - SICOOB CREDINORTE,0,-
7252614,COOPERATIVA DE CRÉDITO E INVESTIMENTO COM INTERAÇÃO SOLIDÁRIA CONFIANÇA - CRESOL CONFIANÇA,0,-
41753500,COOPERATIVA DE CRÉDITO CARLOS CHAGAS LTDA. - SICOOB CARLOS CHAGAS,0,-
5211129,COOPERATIVA DE CRÉDITO E INVESTIMENTO COM INTERAÇÃO SOLIDÁRIA CENTRO NORTE - CRESOL CENTRO NORTE,0,-
15213150,BOCOM BBM CORRETORA DE CÂMBIO E VALORES MOBILIÁRIOS S.A.,0,-
5097757,COOPERATIVA DE CRÉDITO E SERVIÇOS FINANCEIROS DE CURITIBA E REGIÃO METROPOLITANA,0,-
62331228,DEUTSCHE BANK S.A. - BANCO ALEMAO,0,-
48172860,COOPERATIVA DE ECONOMIA E CRÉDITO MÚTUO DOS FUNCIONÁRIOS DA OWENS CORNING FIBERGLAS AMÉRICA DO SUL,0,-
2347114,GREENCRED - COOPERATIVA DE CREDITO,0,-
61384004,AVENUE SECURITIES DISTRIBUIDORA DE TÍTULOS E VALORES MOBILIÁRIOS LTDA.,0,-
62287735,RENASCENCA DISTRIBUIDORA DE TÍTULOS E VALORES MOBILIÁRIOS LTDA,0,-
28195667,BANCO ABC BRASIL S.A.,0,-
8488377,COOPERATIVA DE CRÉDITO E INVESTIMENTO COM INTERAÇÃO SOLIDÁRIA MISSÕES FRONTEIRA RS - CRESOL MISSÕES FRONTEIRA RS,0,-
20251847,SUDACRED - SOCIEDADE DE CRÉDITO AO MICROEMPREENDEDOR E À EMPRESA DE PEQUENO PORTE LTDA.,0,-
15114366,BANCO BOCOM BBM S.A.,0,-
43774196,"AGROLEND SOCIEDADE DE CREDITO, FINANCIAMENTO E INVESTIMENTO S.A.",0,-
30586895,COOPERATIVA DE ECONOMIA E CREDITO MUTUO DOS EMPREGADOS DOS LABORATORIOS B.BRAUN LTDA,0,-
78483310,COOPERATIVA DE CRÉDITO DE LIVRE ADMISSÃO DE ASSOCIADOS ITAPIRANGA - SICOOB CREDITAPIRANGA SC/RS,0,-
7946216,COOPERATIVA DE CRÉDITO DE LIVRE ADMISSÃO SICOOB UNIÃO SUDESTE,0,-
4715685,COOPERATIVA DE CRÉDITO MÚTUO DOS DESPACHANTES DE TRÂNSITO DE SANTA CATARINA E RIO GRANDE DO SUL - SICOOB CREDITRAN,0,-
2910987,COOPERATIVA DE CRÉDITO E INVESTIMENTO COM INTERAÇÃO SOLIDÁRIA CENTRO SUL RS/MS - CRESOL CENTRO SUL RS/MS,0,-
4257795,NOVA FUTURA CORRETORA DE TÍTULOS E VALORES MOBILIÁRIOS LTDA.,0,-
5220243,COOPERATIVA DE CRÉDITO E INVESTIMENTO COM INTERAÇÃO SOLIDÁRIA ORIGENS - CRESOL ORIGENS,0,-
22610500,VORTX DISTRIBUIDORA DE TITULOS E VALORES MOBILIARIOS LTDA.,0,-
3603683,COOPERATIVA DE ECONOMIA E CRÉDITO MÚTUO DOS SERVIDORES PÚBLICOS - SICOOB COOPERPLAN CREDSEF,0,-
5745533,COOPERATIVA DE CRÉDITO E ECONOMIA COM INTERAÇÃO SOLIDÁRIA DE ITATIBA DO SUL - CRESOL ITATIBA DO SUL,0,-
13720915,BANCO WESTERN UNION DO BRASIL S.A.,0,-
9516419,PICPAY BANK - BANCO MÚLTIPLO S.A,0,-